,aaasqunits,abcd,abx,adding,alone,among,angle,approximately,arb,arc,area,areas,arrddr,asqunits,asymptote,ax,axb,axes,axis,ay,base,becomes,bounded,byxdsdxdy,calculate,called,cardioid,carried,cartesian,centre,change,changing,chosen,circle,circles,circular,co,common,cone,consider,considered,constant,constants,continuous,converges,corresponding,cos,cosra,cossin,cosxr,cover,crfrcrffrdsfrdrd,cubic,curve,curves,curvilinear,cut,cyd,cylinder,cylindrical,dc,define,defined,definition,denoted,dependent,derivatives,differential,divide,divided,dividing,double,drawing,drdrd,dsdxdydsdxdy,dxdyr,dxyyx,e,elementary,elements,ellipse,enclosed,entire,equation,erect,evaluate,evaluated,evaluating,evaluation,examples,exercise,exercises,extended,f,figure,find,finite,first,following,form,formed,formula,function,functions,fxy,fxygxhy,g,generated,generators,geometrically,get,given,gives,gxx,h,half,height,hence,hint,horizontal,hyycdxaby,i,iifxyzxyz,iiifxys,iiizfxy,iinuuxxx,iixythi,illustration,included,independent,iniiinirmaxsfxydsfxys,inner,inside,integral,integralouter,integrals,integration,inverses,iterated,j,jacobian,jacobians,learning,length,let,lim,limit,limits,line,lines,loop,lying,mark,maximum,meeting,n,neighboring,neighbouring,niiiifxys,nnuuuxxx,non,note,number,one,onto,op,oq,order,ordinate,ordinates,origin,orthogonal,outer,outside,overlapping,oyx,oz,p,parabolas,parallel,parallelogram,partial,plane,planeirrninisfxydsdssrxy,planes,plate,point,points,polar,portion,pqxy,pr,prism,problems,produced,projection,proof,properties,prqs,ps,put,putting,pxy,qrr,quadrant,qxxyy,r,ra,radii,radius,ray,rds,rectangle,rectangles,region,regions,replacing,represents,required,reversing,revolution,revolves,rf,rfxyds,rfxydxdyfxydydx,ring,rr,rrfxydsfxydxdy,rrfxydxdyfrrrdrd,rrnthiis,rrr,rrrcfxycgxydscfxydscgxyds,rrrfxydsfxydsfxyds,rxy,rxyds,rxydxdy,rxyyds,ryx,s,say,seccosra,sectan,self,semi,shown,sides,similarly,sin,since,sincos,sinra,sinsincossinsincossin,sinxaryar,sinxryr,sinyr,small,solid,solids,solution,solutions,space,sphere,spherical,sq,ssfxydxdyfxuvyuvjdudv,strip,strips,sub,sum,surface,system,t,taken,tetrahedron,therefore,top,total,transformation,transformations,transforming,treated,triple,two,u,union,units,use,using,uuxxuuxx,uuxy,uuxyuvjvvxyxy,uv,uvjxy,uvxy,uvzwjjzwxy,uvzwjjzwxyzzuuxyzwvvwwzwxy,uzuwuzuwzxwxzywyvzvwvzvwzxwxzywy,v,value,variable,variables,varies,vertical,vertices,volume,volumes,vvxy,vyx,w,whole,whose,width,x,xhy,xhyydrycxhyfxydydxfxydxdy,xuyuuvuv,xx,xxrxyrjryyrrr,xxuv,xxvuxyuvjuyyvuuvuv,xxxdxsqunits,xxyxyxdydx,xy,xyaxybab,xydydxexy,xyjuv,xyuv,xyuyuv,xyxy,xyy,xyzxyzdxdyfxydxdylt,xyzzz,y,ydxeds,ydydxbxbxaycxaycfxydsgxdxhydy,yfx,ygx,ygxxbrxaygxfxydxdyfxydydx,yuv,yx,yxdydx,yxx,yxy,yy,yyuv,z,zfxy,zrddr,zxyz
0.5408071748878924,0.0,0.0,0.0,0.0,0.0,0.0,0.0,0.0,0.0,0.0,0.0008968609865470852,0.0,0.0,0.0,0.0,0.0017937219730941704,0.0,0.0,0.0,0.0008968609865470852,0.0017937219730941704,0.0,0.0,0.0,0.0,0.0008968609865470852,0.0,0.0,0.0,0.0,0.0,0.0,0.0,0.0,0.0,0.0,0.0026905829596412557,0.0,0.0,0.0017937219730941704,0.0,0.0,0.0,0.0,0.0008968609865470852,0.0,0.0,0.0,0.0,0.0,0.0,0.0,0.0,0.0,0.0,0.0,0.0008968609865470852,0.0,0.0,0.0017937219730941704,0.0,0.0017937219730941704,0.0008968609865470852,0.0,0.0008968609865470852,0.0008968609865470852,0.0,0.0,0.0008968609865470852,0.0,0.0,0.0026905829596412557,0.0,0.0,0.0,0.0,0.0,0.05291479820627803,0.0,0.0,0.0,0.0,0.0,0.0,0.0,0.0,0.0,0.0,0.0,0.0,0.0,0.0,0.0,0.019730941704035873,0.0,0.0,0.0008968609865470852,0.0,0.0,0.0,0.0,0.0,0.0008968609865470852,0.0,0.011659192825112108,0.0,0.013452914798206279,0.0,0.0,0.0017937219730941704,0.0,0.0,0.0,0.0,0.003587443946188341,0.0,0.0008968609865470852,0.0,0.0,0.0,0.0,0.04932735426008968,0.0008968609865470852,0.0017937219730941704,0.0008968609865470852,0.0,0.0008968609865470852,0.0,0.0,0.0008968609865470852,0.0008968609865470852,0.0,0.0,0.0026905829596412557,0.0,0.0008968609865470852,0.0,0.0,0.0,0.0,0.0,0.0,0.0,0.0,0.003587443946188341,0.0008968609865470852,0.0,0.0,0.0,0.0,0.0,0.0,0.0,0.0008968609865470852,0.0,0.033183856502242155,0.0,0.0,0.0008968609865470852,0.0,0.0,0.0017937219730941704,0.0008968609865470852,0.0,0.0,0.0008968609865470852,0.0,0.0,0.0,0.0,0.0,0.0,0.0,0.0,0.0,0.0,0.0,0.007174887892376682,0.0,0.0,0.0,0.0,0.0026905829596412557,0.0,0.0,0.0,0.0008968609865470852,0.0,0.0,0.0,0.0,0.0008968609865470852,0.0,0.0,0.0,0.0,0.0,0.0,0.0,0.0,0.0,0.0,0.0,0.0,0.0,0.0,0.03139013452914798,0.0026905829596412557,0.0,0.0,0.0,0.0,0.0,0.0,0.007174887892376682,0.0008968609865470852,0.0,0.0008968609865470852,0.0,0.0,0.0,0.0,0.004484304932735426,0.0017937219730941704,0.0,0.0,0.0008968609865470852,0.0,0.0,0.0008968609865470852,0.0,0.0,0.0,0.0017937219730941704,0.0,0.0,0.0,0.0,0.025112107623318385,0.0008968609865470852,0.0,0.0,0.0,0.0,0.0,0.0,0.0,0.0,0.0,0.0,0.0,0.0,0.0,0.0,0.0,0.0,0.0008968609865470852,0.0,0.0,0.0,0.0008968609865470852,0.0,0.0,0.0,0.0,0.0,0.0,0.0026905829596412557,0.0008968609865470852,0.0026905829596412557,0.0,0.019730941704035873,0.0,0.0,0.0,0.0008968609865470852,0.0,0.0,0.0,0.0,0.0,0.0,0.0008968609865470852,0.016143497757847534,0.0,0.0,0.0,0.0,0.0,0.0,0.0,0.0,0.0,0.0,0.0,0.0,0.0,0.006278026905829596,0.0017937219730941704,0.0008968609865470852,0.0008968609865470852,0.0,0.0,0.0,0.0017937219730941704,0.0,0.0,0.0,0.0008968609865470852,0.0,0.0,0.0,0.021524663677130046,0.0,0.0,0.0,0.0,0.0,0.0,0.0,0.0,0.0,0.017040358744394617,0.0,0.0,0.0,0.0,0.0,0.0008968609865470852,0.0,0.0,0.0,0.0242152466367713,0.0,0.0,0.0,0.0,0.0,0.0,0.0008968609865470852,0.0,0.0,0.0008968609865470852,0.0,0.0,0.008071748878923767,0.0053811659192825115,0.0,0.0008968609865470852
0.5576036866359447,0.0,0.0,0.0,0.0,0.0,0.0,0.0,0.0,0.0,0.0,0.0,0.0,0.0,0.0,0.0,0.0,0.0,0.0,0.0,0.0,0.0,0.0,0.0,0.0,0.0,0.0,0.0,0.0,0.0,0.0,0.0,0.013824884792626729,0.0,0.0,0.0,0.0,0.0,0.0,0.0,0.0,0.0,0.0,0.0,0.0,0.0,0.0,0.0,0.0,0.0,0.0,0.0,0.0,0.0,0.0,0.0,0.0,0.0,0.0,0.0,0.0,0.0,0.0,0.0,0.0,0.0,0.0,0.0,0.0,0.0,0.0,0.0,0.0,0.0,0.0,0.0,0.0,0.0,0.055299539170506916,0.0,0.0,0.0,0.0,0.0,0.0,0.0,0.009216589861751152,0.0,0.0,0.0,0.0,0.0,0.0,0.0,0.0,0.0,0.0,0.0,0.0,0.0,0.0,0.0,0.0,0.0,0.0,0.0,0.0,0.04608294930875576,0.0,0.0,0.0,0.004608294930875576,0.0,0.0,0.0,0.013824884792626729,0.0,0.0,0.0,0.0,0.0,0.0,0.041474654377880185,0.0,0.0,0.0,0.0,0.0,0.0,0.0,0.0,0.0,0.0,0.0,0.0,0.0,0.0,0.013824884792626729,0.0,0.0,0.0,0.0,0.0,0.0,0.0,0.0,0.0,0.0,0.0,0.0,0.0,0.0,0.0,0.0,0.0,0.0,0.055299539170506916,0.0,0.0,0.0,0.0,0.0,0.0,0.0,0.0,0.0,0.0,0.0,0.013824884792626729,0.0,0.0,0.0,0.0,0.0,0.0,0.0,0.0,0.0,0.0,0.0,0.0,0.0,0.0,0.0,0.0,0.0,0.0,0.0,0.0,0.0,0.0,0.0,0.0,0.0,0.0,0.0,0.0,0.0,0.0,0.0,0.0,0.0,0.0,0.0,0.0,0.0,0.0,0.041474654377880185,0.013824884792626729,0.0,0.0,0.0,0.0,0.0,0.0,0.0,0.0,0.0,0.0,0.0,0.0,0.0,0.0,0.0,0.0,0.0,0.0,0.0,0.0,0.0,0.0,0.0,0.0,0.0,0.0,0.0,0.0,0.0,0.0,0.0,0.0,0.0,0.0,0.0,0.0,0.0,0.0,0.0,0.0,0.0,0.0,0.0,0.0,0.0,0.0,0.0,0.0,0.0,0.0,0.0,0.0,0.0,0.0,0.0,0.0,0.0,0.0,0.0,0.0,0.0,0.0,0.0,0.041474654377880185,0.0,0.0,0.0,0.0,0.0,0.0,0.0,0.0,0.0,0.0,0.0,0.009216589861751152,0.0,0.0,0.0,0.0,0.0,0.0,0.0,0.0,0.0,0.0,0.0,0.0,0.0,0.009216589861751152,0.0,0.0,0.0,0.0,0.0,0.0,0.0,0.0,0.0,0.0,0.0,0.0,0.0,0.0,0.02304147465437788,0.0,0.0,0.0,0.0,0.0,0.0,0.0,0.0,0.0,0.009216589861751152,0.0,0.004608294930875576,0.0,0.0,0.0,0.0,0.0,0.0,0.0,0.02304147465437788,0.0,0.0,0.0,0.0,0.0,0.0,0.0,0.0,0.0,0.0,0.0,0.0,0.0,0.0,0.0,0.0
0.532608695652174,0.0,0.0,0.0,0.0,0.0,0.0,0.0,0.0,0.0,0.0,0.0,0.0,0.0,0.0,0.0,0.021739130434782608,0.0,0.0,0.0,0.0,0.0,0.0,0.0,0.0,0.0,0.0,0.0,0.0,0.0,0.0,0.0,0.0,0.0,0.0,0.0,0.0,0.0,0.0,0.0,0.0,0.0,0.0,0.0,0.0,0.0,0.0,0.0,0.0,0.0,0.0,0.0,0.0,0.0,0.0,0.0,0.0,0.0,0.0,0.0,0.0,0.0,0.0,0.0,0.0,0.0,0.0,0.0,0.0,0.0,0.0,0.0,0.0,0.0,0.0,0.0,0.0,0.0,0.06521739130434782,0.0,0.0,0.0,0.0,0.0,0.0,0.0,0.010869565217391304,0.0,0.0,0.0,0.0,0.0,0.0,0.0,0.0,0.0,0.0,0.0,0.0,0.0,0.0,0.0,0.0,0.0,0.0,0.0,0.0,0.021739130434782608,0.0,0.0,0.0,0.0,0.0,0.0,0.0,0.0,0.0,0.0,0.0,0.0,0.0,0.0,0.03260869565217391,0.0,0.0,0.0,0.0,0.0,0.0,0.0,0.0,0.0,0.0,0.0,0.0,0.0,0.0,0.010869565217391304,0.0,0.0,0.0,0.0,0.0,0.0,0.0,0.0,0.0,0.0,0.0,0.0,0.0,0.0,0.0,0.0,0.0,0.0,0.03260869565217391,0.0,0.0,0.0,0.0,0.0,0.0,0.0,0.0,0.0,0.0,0.0,0.010869565217391304,0.0,0.0,0.0,0.0,0.0,0.0,0.0,0.0,0.0,0.0,0.0,0.0,0.0,0.0,0.0,0.0,0.0,0.0,0.0,0.0,0.0,0.0,0.0,0.0,0.0,0.0,0.0,0.0,0.0,0.0,0.0,0.0,0.0,0.0,0.0,0.0,0.0,0.0,0.05434782608695652,0.010869565217391304,0.0,0.0,0.0,0.0,0.0,0.0,0.0,0.0,0.0,0.0,0.0,0.010869565217391304,0.0,0.0,0.0,0.0,0.0,0.0,0.0,0.0,0.0,0.0,0.0,0.0,0.0,0.0,0.0,0.0,0.0,0.0,0.010869565217391304,0.0,0.0,0.0,0.0,0.0,0.0,0.0,0.0,0.010869565217391304,0.0,0.0,0.0,0.0,0.0,0.0,0.0,0.0,0.0,0.0,0.0,0.0,0.0,0.0,0.0,0.0,0.0,0.0,0.0,0.0,0.0,0.0,0.0,0.03260869565217391,0.0,0.0,0.0,0.0,0.0,0.0,0.0,0.0,0.0,0.0,0.0,0.010869565217391304,0.0,0.0,0.0,0.0,0.0,0.0,0.0,0.0,0.0,0.0,0.0,0.0,0.0,0.021739130434782608,0.0,0.0,0.0,0.0,0.0,0.0,0.0,0.0,0.0,0.0,0.0,0.0,0.0,0.0,0.03260869565217391,0.0,0.0,0.0,0.0,0.0,0.0,0.0,0.0,0.0,0.010869565217391304,0.0,0.0,0.0,0.0,0.0,0.0,0.010869565217391304,0.0,0.0,0.03260869565217391,0.0,0.0,0.0,0.0,0.0,0.0,0.0,0.0,0.0,0.0,0.010869565217391304,0.0,0.0,0.0,0.0,0.0
0.5513698630136986,0.0,0.0,0.0,0.0,0.0,0.0,0.0,0.0,0.0,0.0,0.0,0.0,0.0,0.0,0.0,0.0,0.0,0.0,0.0,0.0,0.0,0.0,0.0,0.0,0.0,0.0,0.0,0.0,0.0,0.0,0.0,0.0,0.0,0.0,0.0,0.0,0.011986301369863013,0.0,0.0,0.0,0.0,0.0,0.0,0.005136986301369863,0.0,0.0,0.0,0.0,0.0,0.0,0.0,0.0,0.0,0.0,0.0,0.0,0.0,0.0,0.0,0.0,0.0,0.003424657534246575,0.003424657534246575,0.0017123287671232876,0.003424657534246575,0.0,0.003424657534246575,0.0,0.0,0.0,0.0,0.0,0.0,0.0,0.0,0.0,0.0,0.03595890410958904,0.0,0.0,0.0,0.0,0.0,0.0,0.0,0.0,0.0,0.0,0.0,0.0,0.0,0.0,0.0017123287671232876,0.008561643835616438,0.0,0.0,0.0,0.0,0.0,0.0,0.0,0.0,0.003424657534246575,0.0017123287671232876,0.0,0.0,0.0,0.0,0.0,0.0,0.0,0.0,0.0,0.0,0.0,0.0,0.0,0.0,0.0,0.0,0.0,0.04280821917808219,0.0,0.0,0.0,0.0017123287671232876,0.0,0.0,0.0,0.0,0.0,0.0,0.0,0.0,0.0,0.0,0.0,0.0,0.0,0.015410958904109588,0.00684931506849315,0.003424657534246575,0.0,0.0,0.0017123287671232876,0.0,0.0,0.0,0.0,0.0,0.0,0.0,0.0,0.0,0.0,0.04794520547945205,0.0,0.0,0.0,0.003424657534246575,0.0,0.003424657534246575,0.0017123287671232876,0.0,0.0,0.0017123287671232876,0.0,0.0,0.0,0.0,0.0,0.0,0.0,0.0,0.0,0.0,0.0,0.00684931506849315,0.0,0.0,0.0,0.003424657534246575,0.0,0.0,0.0,0.0,0.0,0.0,0.0,0.0,0.0,0.0017123287671232876,0.0,0.0,0.0,0.0,0.0,0.0017123287671232876,0.0,0.0,0.0,0.0,0.0,0.0,0.0,0.0,0.017123287671232876,0.0,0.0,0.0,0.0,0.0,0.0,0.0,0.0,0.0,0.0,0.0,0.0,0.0,0.0,0.0,0.0,0.0,0.0,0.0,0.0,0.0,0.0,0.0,0.0,0.0,0.0,0.0,0.0,0.0,0.0,0.0,0.017123287671232876,0.0,0.0,0.0,0.0,0.0,0.0,0.0,0.0,0.0,0.0,0.0,0.0,0.0,0.0,0.0,0.0,0.0,0.0,0.0,0.0,0.0,0.0,0.0,0.0,0.0,0.0,0.0,0.0,0.0,0.0,0.0,0.0,0.02910958904109589,0.0,0.0,0.0,0.0,0.0,0.0,0.0,0.0,0.0,0.0,0.0,0.04794520547945205,0.0,0.0,0.0,0.0,0.0017123287671232876,0.0,0.0,0.00684931506849315,0.0017123287671232876,0.003424657534246575,0.0,0.0,0.0,0.02054794520547945,0.0,0.0017123287671232876,0.0017123287671232876,0.0,0.0,0.0,0.0,0.0,0.0,0.0,0.003424657534246575,0.0,0.0,0.0,0.03767123287671233,0.0,0.0,0.0,0.008561643835616438,0.0,0.0,0.0,0.0,0.0,0.00684931506849315,0.0,0.0,0.0017123287671232876,0.0,0.0,0.0,0.0,0.0,0.0,0.0136986301369863,0.0,0.0,0.0,0.0,0.0,0.0,0.0,0.0,0.0,0.0,0.0,0.0,0.0,0.0,0.0,0.0
0.5060975609756098,0.0,0.0,0.0,0.0,0.0,0.0,0.0,0.0,0.0,0.0,0.0,0.0,0.0,0.0,0.0,0.0,0.0,0.0,0.0,0.0,0.0,0.0,0.0,0.0,0.0,0.0,0.0,0.0,0.0,0.0,0.0,0.0,0.0,0.0,0.0,0.0,0.0040650406504065045,0.0,0.0,0.0040650406504065045,0.0,0.0,0.0,0.0,0.0,0.0,0.0,0.0,0.0,0.0,0.0,0.0,0.0,0.0,0.0,0.0,0.0,0.0,0.0,0.0,0.0,0.006097560975609756,0.006097560975609756,0.0,0.0,0.0,0.0,0.0020325203252032522,0.0,0.0,0.0,0.0,0.0,0.0,0.0,0.0,0.0,0.036585365853658534,0.0,0.0,0.0,0.0,0.0,0.0,0.0,0.0,0.0,0.0,0.0,0.0,0.0,0.0,0.0,0.02032520325203252,0.0,0.0,0.0,0.0,0.0,0.0020325203252032522,0.0,0.0020325203252032522,0.0040650406504065045,0.0040650406504065045,0.0,0.0,0.0020325203252032522,0.0,0.0,0.0,0.0,0.0,0.0,0.0,0.0020325203252032522,0.0,0.0,0.0020325203252032522,0.0,0.0,0.0,0.022357723577235773,0.0,0.0,0.0,0.0,0.0,0.0,0.0,0.0,0.0,0.0,0.0,0.0,0.0,0.0,0.0,0.0020325203252032522,0.0,0.01016260162601626,0.0,0.0,0.0,0.0,0.0020325203252032522,0.0,0.0,0.0,0.0,0.0,0.0,0.0,0.0,0.0,0.0,0.034552845528455285,0.0,0.0,0.0,0.0,0.0,0.0020325203252032522,0.0,0.0040650406504065045,0.0020325203252032522,0.0,0.0,0.0,0.0,0.0,0.0,0.0,0.0,0.0,0.0,0.0,0.0,0.0040650406504065045,0.0,0.0,0.0,0.0,0.0,0.0,0.0,0.0,0.0,0.0,0.0,0.0,0.0,0.0040650406504065045,0.0,0.0,0.0,0.0,0.0040650406504065045,0.0,0.0,0.0,0.0,0.0,0.0,0.0,0.0,0.0,0.014227642276422764,0.0,0.0,0.0,0.0,0.0,0.0,0.0,0.0,0.0,0.0,0.0,0.0,0.0,0.0,0.0,0.0,0.0,0.0,0.0,0.0,0.0,0.0,0.0,0.0,0.0,0.0,0.0,0.0,0.0,0.0,0.0,0.014227642276422764,0.0,0.0,0.0,0.0,0.0,0.0,0.0,0.0,0.0020325203252032522,0.0,0.0,0.0,0.0,0.0,0.0,0.0,0.0,0.0,0.0,0.0,0.0,0.0,0.0,0.0,0.0,0.0,0.0,0.0,0.0,0.0,0.0,0.0,0.016260162601626018,0.0,0.0,0.0,0.0,0.0020325203252032522,0.0,0.0,0.0,0.0,0.0,0.0,0.036585365853658534,0.0,0.0,0.0,0.0020325203252032522,0.0,0.0040650406504065045,0.0,0.012195121951219513,0.0020325203252032522,0.0,0.0040650406504065045,0.0020325203252032522,0.0020325203252032522,0.03048780487804878,0.0,0.0,0.0,0.0,0.0,0.0,0.0,0.0,0.0020325203252032522,0.0,0.032520325203252036,0.0,0.0,0.0,0.03048780487804878,0.0,0.0,0.0,0.0020325203252032522,0.0,0.0020325203252032522,0.0,0.0,0.0,0.018292682926829267,0.0,0.0,0.0,0.0020325203252032522,0.0,0.0,0.0,0.0,0.0,0.03048780487804878,0.0,0.0,0.0,0.0,0.0,0.0040650406504065045,0.0,0.0,0.0,0.0,0.0020325203252032522,0.0020325203252032522,0.032520325203252036,0.0,0.0,0.0
0.530454042081949,0.0,0.0,0.0,0.0,0.0,0.0,0.0,0.0,0.0,0.0,0.0,0.0,0.0,0.0,0.0,0.0,0.0,0.0,0.0,0.0011074197120708748,0.0,0.0,0.0,0.0,0.0,0.0,0.0,0.0,0.0022148394241417496,0.0,0.0,0.0,0.0,0.0011074197120708748,0.0,0.0,0.015503875968992248,0.0,0.0,0.0022148394241417496,0.0,0.0033222591362126247,0.0,0.0,0.0,0.0,0.004429678848283499,0.0,0.0011074197120708748,0.0,0.0,0.0,0.0,0.0,0.0,0.0,0.0,0.0,0.0011074197120708748,0.0011074197120708748,0.0,0.0,0.0,0.0,0.0,0.0,0.0,0.0,0.0,0.0,0.0,0.0,0.0,0.0,0.0,0.0,0.0,0.046511627906976744,0.0,0.0,0.0,0.0,0.0,0.0,0.0,0.0,0.0,0.0,0.0,0.0011074197120708748,0.0,0.0,0.0,0.009966777408637873,0.0,0.0,0.0,0.0,0.0,0.0022148394241417496,0.0,0.0,0.0011074197120708748,0.0011074197120708748,0.0022148394241417496,0.0,0.0,0.0,0.0,0.0,0.0,0.0,0.0,0.0,0.0022148394241417496,0.0022148394241417496,0.0,0.0,0.0,0.0,0.0,0.023255813953488372,0.0,0.0,0.0,0.0,0.0,0.0,0.0,0.0,0.0,0.0,0.0,0.0,0.0,0.0,0.0,0.0,0.0,0.005537098560354375,0.0011074197120708748,0.0,0.0,0.0,0.0011074197120708748,0.0,0.0,0.0,0.0022148394241417496,0.0,0.0,0.0,0.0,0.0,0.0,0.04318936877076412,0.0,0.0,0.0,0.0,0.0,0.0,0.0,0.0022148394241417496,0.0011074197120708748,0.0,0.0,0.0,0.004429678848283499,0.0022148394241417496,0.0,0.0,0.0,0.0,0.0,0.0,0.0,0.013289036544850499,0.0,0.0011074197120708748,0.0,0.0,0.0033222591362126247,0.0,0.0,0.0,0.0,0.0,0.0011074197120708748,0.0,0.0,0.006644518272425249,0.0,0.0,0.0,0.0,0.0,0.0,0.0,0.0,0.0,0.0,0.0,0.0,0.0,0.0,0.047619047619047616,0.004429678848283499,0.0,0.0,0.0011074197120708748,0.0,0.0,0.0,0.0,0.0,0.0,0.006644518272425249,0.0,0.0,0.0,0.0,0.0011074197120708748,0.0,0.0,0.0,0.0033222591362126247,0.0,0.0011074197120708748,0.0,0.0022148394241417496,0.0,0.0,0.0011074197120708748,0.0,0.0,0.0,0.0,0.04097452934662237,0.0,0.0,0.0,0.0,0.0,0.0,0.0,0.0,0.0022148394241417496,0.0,0.0,0.0,0.0,0.0,0.0,0.0,0.0,0.0,0.0,0.0,0.0,0.0,0.0,0.0,0.0,0.0011074197120708748,0.0,0.0,0.0,0.0,0.0,0.0022148394241417496,0.029900332225913623,0.0,0.0,0.0,0.0,0.0,0.0022148394241417496,0.0,0.0,0.0,0.0,0.0,0.012181616832779624,0.0,0.0,0.0,0.0,0.0,0.0011074197120708748,0.0011074197120708748,0.007751937984496124,0.0,0.0,0.0,0.0,0.0,0.01107419712070875,0.0,0.0,0.0,0.0,0.0,0.0,0.0,0.0,0.0011074197120708748,0.0,0.0,0.0,0.0,0.0,0.018826135105204873,0.0,0.0,0.0,0.0022148394241417496,0.0011074197120708748,0.0011074197120708748,0.0,0.0,0.0,0.009966777408637873,0.0,0.0,0.0011074197120708748,0.0011074197120708748,0.0,0.0011074197120708748,0.0,0.0,0.0011074197120708748,0.023255813953488372,0.0,0.0,0.0011074197120708748,0.0,0.0,0.0033222591362126247,0.0011074197120708748,0.0,0.0,0.0011074197120708748,0.0022148394241417496,0.0011074197120708748,0.0033222591362126247,0.0,0.0,0.0
0.5432432432432432,0.0,0.0,0.0,0.0,0.0,0.0,0.0013513513513513514,0.0,0.0,0.0,0.0,0.0,0.0,0.0,0.0,0.002702702702702703,0.0,0.0,0.002702702702702703,0.0,0.0,0.0,0.0,0.0,0.0,0.0,0.0,0.0,0.0013513513513513514,0.0013513513513513514,0.0,0.002702702702702703,0.0,0.002702702702702703,0.0,0.0,0.014864864864864866,0.0,0.0013513513513513514,0.0013513513513513514,0.0,0.0013513513513513514,0.0,0.0,0.0,0.0,0.005405405405405406,0.0,0.002702702702702703,0.0013513513513513514,0.0,0.0,0.0,0.0,0.0,0.0,0.0,0.0,0.0,0.0,0.0,0.0,0.0,0.0,0.0,0.0,0.0,0.0,0.0,0.0,0.0,0.0,0.0,0.0,0.0,0.0,0.0,0.060810810810810814,0.0,0.0,0.0,0.0,0.0,0.0,0.0,0.0013513513513513514,0.0,0.0,0.0,0.0,0.0,0.0,0.0,0.005405405405405406,0.0,0.0,0.0,0.0,0.0013513513513513514,0.0013513513513513514,0.0,0.0,0.0,0.0,0.0,0.0,0.010810810810810811,0.0,0.0,0.0,0.0013513513513513514,0.0,0.0,0.0,0.008108108108108109,0.002702702702702703,0.0,0.0,0.0,0.0,0.0,0.041891891891891894,0.0,0.0,0.0,0.0,0.0,0.0,0.0,0.0,0.0,0.0,0.0,0.0,0.0,0.0,0.0,0.0,0.0,0.0,0.0,0.0,0.0,0.0,0.0,0.0,0.0,0.0,0.0013513513513513514,0.0,0.0,0.0,0.0,0.0,0.0,0.0472972972972973,0.0,0.0,0.0,0.0,0.0,0.0,0.0,0.0013513513513513514,0.0,0.0,0.0,0.0,0.005405405405405406,0.002702702702702703,0.0013513513513513514,0.0,0.0,0.0,0.0,0.0,0.0,0.016216216216216217,0.0,0.0,0.0,0.0,0.0013513513513513514,0.0,0.0,0.0,0.0,0.0,0.002702702702702703,0.0,0.0,0.00945945945945946,0.0,0.0013513513513513514,0.0,0.0,0.0,0.0,0.0,0.0,0.0,0.0,0.0,0.0,0.0,0.0,0.0445945945945946,0.002702702702702703,0.0,0.0013513513513513514,0.0,0.0,0.0,0.0,0.0,0.0,0.0,0.008108108108108109,0.0,0.0,0.0,0.0,0.0,0.0,0.0,0.0,0.0,0.0,0.0,0.0,0.0,0.0,0.0,0.0,0.0,0.0,0.0,0.0,0.05675675675675676,0.0,0.0,0.0,0.0,0.002702702702702703,0.0,0.0,0.0,0.00945945945945946,0.0,0.004054054054054054,0.0,0.0013513513513513514,0.0,0.0,0.0013513513513513514,0.0,0.0,0.0,0.0013513513513513514,0.0,0.0,0.0013513513513513514,0.0013513513513513514,0.0,0.0,0.0,0.0,0.0,0.0,0.0,0.002702702702702703,0.02972972972972973,0.0,0.0,0.0,0.0,0.0,0.0013513513513513514,0.0,0.0,0.0,0.0,0.0,0.004054054054054054,0.0,0.0,0.0,0.0,0.0,0.0,0.0,0.0,0.0,0.0,0.0,0.0,0.0,0.002702702702702703,0.0,0.0,0.0,0.0,0.0013513513513513514,0.0,0.0,0.0,0.0,0.0,0.0013513513513513514,0.0,0.0,0.0,0.004054054054054054,0.0,0.0,0.0,0.0,0.0,0.0,0.0,0.0,0.0,0.0,0.0,0.0,0.0,0.0,0.0,0.0,0.0,0.0,0.0,0.004054054054054054,0.0,0.0,0.0,0.0,0.0,0.0,0.0,0.0,0.0,0.0,0.0,0.0,0.0,0.0,0.0,0.0
0.5434343434343434,0.0,0.0,0.0,0.0,0.0,0.0,0.0,0.0,0.00202020202020202,0.0,0.0,0.0,0.0,0.0,0.0,0.00202020202020202,0.0,0.0,0.0,0.0,0.0,0.0,0.00202020202020202,0.0,0.0,0.0,0.0,0.0,0.0,0.0,0.0,0.006060606060606061,0.0,0.00202020202020202,0.00202020202020202,0.0,0.010101010101010102,0.0,0.0,0.0,0.0,0.0,0.0,0.0,0.0,0.0,0.00404040404040404,0.0,0.0,0.00404040404040404,0.0,0.0,0.0,0.0,0.0,0.0,0.0,0.0,0.0,0.0,0.0,0.0,0.0,0.0,0.0,0.0,0.0,0.0,0.0,0.0,0.0,0.0,0.0,0.0,0.0,0.0,0.0,0.028282828282828285,0.0,0.0,0.0,0.0,0.0,0.0,0.0,0.006060606060606061,0.0,0.0,0.0,0.0,0.0,0.0,0.0,0.00202020202020202,0.0,0.0,0.0,0.0,0.0,0.00202020202020202,0.0,0.0,0.0,0.0,0.0,0.0,0.01818181818181818,0.0,0.0,0.0,0.00202020202020202,0.0,0.0,0.0,0.006060606060606061,0.0,0.0,0.0,0.0,0.0,0.0,0.03232323232323232,0.0,0.0,0.0,0.0,0.0,0.0,0.0,0.0,0.0,0.0,0.0,0.0,0.0,0.0,0.0,0.0,0.0,0.00202020202020202,0.0,0.0,0.0,0.0,0.0,0.0,0.0,0.0,0.0,0.0,0.0,0.0,0.0,0.0,0.0,0.03838383838383838,0.0,0.0,0.0,0.0,0.0,0.0,0.0,0.0,0.0,0.0,0.0,0.0,0.006060606060606061,0.006060606060606061,0.0,0.0,0.0,0.0,0.0,0.0,0.0,0.006060606060606061,0.0,0.0,0.0,0.0,0.0,0.0,0.0,0.0,0.0,0.0,0.006060606060606061,0.0,0.0,0.0,0.0,0.0,0.0,0.0,0.0,0.0,0.0,0.0,0.0,0.0,0.0,0.0,0.0,0.0,0.03232323232323232,0.00202020202020202,0.0,0.0,0.0,0.0,0.0,0.0,0.00202020202020202,0.0,0.0,0.0,0.0,0.0,0.0,0.0,0.0,0.0,0.0,0.0,0.0,0.0,0.0,0.0,0.0,0.0,0.0,0.0,0.0,0.0,0.0,0.0,0.028282828282828285,0.0,0.0,0.0,0.0,0.0,0.0,0.0,0.0,0.006060606060606061,0.0,0.0,0.0,0.0,0.0,0.0,0.00404040404040404,0.0,0.0,0.0,0.006060606060606061,0.0,0.0,0.0,0.0,0.0,0.0,0.0,0.0,0.0,0.0,0.0,0.0,0.024242424242424242,0.0,0.0,0.0,0.0,0.0,0.00202020202020202,0.00202020202020202,0.0,0.0,0.0,0.0,0.04242424242424243,0.0,0.0,0.0,0.00202020202020202,0.0,0.0,0.0,0.014141414141414142,0.0,0.0,0.0,0.0,0.0,0.024242424242424242,0.0,0.0,0.0,0.0,0.0,0.0,0.0,0.0,0.0,0.0,0.0,0.0,0.0,0.0,0.01818181818181818,0.0,0.0,0.00202020202020202,0.00202020202020202,0.0,0.0,0.00202020202020202,0.0,0.0,0.00808080808080808,0.00202020202020202,0.0,0.0,0.00202020202020202,0.00202020202020202,0.0,0.0,0.0,0.0,0.022222222222222223,0.0,0.0,0.0,0.0,0.0,0.006060606060606061,0.0,0.0,0.0,0.0,0.00202020202020202,0.0,0.0,0.0,0.0,0.0
0.5721649484536082,0.0,0.0,0.0,0.0,0.0,0.0,0.0,0.0,0.0,0.0,0.0,0.0,0.0,0.0,0.0,0.0,0.0,0.0,0.0,0.0,0.0,0.0,0.002577319587628866,0.0,0.0,0.0,0.0,0.0,0.0,0.0,0.0,0.010309278350515464,0.0,0.0,0.0,0.0,0.015463917525773196,0.0,0.0,0.0,0.0,0.0,0.0,0.0,0.0,0.0,0.007731958762886598,0.0,0.0,0.0,0.0,0.0,0.0,0.0,0.0,0.0,0.0,0.0,0.0,0.0,0.0,0.0,0.0,0.0,0.0,0.0,0.0,0.0,0.0,0.0,0.0,0.0,0.0,0.0,0.0,0.0,0.0,0.04381443298969072,0.0,0.0,0.0,0.0,0.0,0.0,0.0,0.007731958762886598,0.0,0.0,0.0,0.0,0.002577319587628866,0.002577319587628866,0.0,0.002577319587628866,0.0,0.0,0.0,0.0,0.0,0.002577319587628866,0.0,0.0,0.0,0.0,0.0,0.0,0.023195876288659795,0.0,0.0,0.0,0.002577319587628866,0.0,0.0,0.0,0.01288659793814433,0.0,0.0,0.0,0.002577319587628866,0.0,0.0,0.03608247422680412,0.0,0.0,0.0,0.0,0.0,0.0,0.0,0.0,0.0,0.0,0.0,0.0,0.0,0.0,0.0,0.0,0.0,0.0,0.0,0.0,0.0,0.0,0.0,0.0,0.0,0.0,0.0,0.0,0.0,0.0,0.0,0.0,0.0,0.04896907216494845,0.0,0.0,0.0,0.0,0.0,0.0,0.0,0.0,0.0,0.0,0.0,0.0,0.007731958762886598,0.007731958762886598,0.0,0.0,0.0,0.0,0.0,0.0,0.0,0.007731958762886598,0.0,0.0,0.0,0.0,0.0,0.0,0.0,0.0,0.0,0.0,0.007731958762886598,0.0,0.0,0.0,0.0,0.0,0.0,0.0,0.0,0.0,0.0,0.0,0.0,0.0,0.0,0.0,0.0,0.0,0.03608247422680412,0.002577319587628866,0.0,0.0,0.0,0.0,0.0,0.0,0.0,0.0,0.0,0.0,0.0,0.0,0.0,0.0,0.0,0.0,0.0,0.0,0.0,0.0,0.0,0.0,0.0,0.0,0.0,0.0,0.0,0.0,0.0,0.0,0.03865979381443299,0.0,0.0,0.002577319587628866,0.0,0.0,0.0,0.0,0.0,0.005154639175257732,0.0,0.0,0.0,0.0,0.002577319587628866,0.002577319587628866,0.0,0.0,0.0,0.0,0.002577319587628866,0.0,0.0,0.0,0.0,0.0,0.0,0.0,0.0,0.0,0.0,0.0,0.0,0.030927835051546393,0.0,0.0,0.0,0.0,0.0,0.002577319587628866,0.0,0.0,0.0,0.0,0.0,0.015463917525773196,0.0,0.0,0.002577319587628866,0.0,0.0,0.0,0.0,0.0,0.0,0.0,0.0,0.0,0.0,0.010309278350515464,0.0,0.002577319587628866,0.002577319587628866,0.0,0.0,0.0,0.0,0.0,0.0,0.0,0.0,0.0,0.0,0.0,0.007731958762886598,0.0,0.0,0.0,0.0,0.0,0.0,0.0,0.0,0.0,0.0,0.0,0.0,0.0,0.0,0.0,0.0,0.0,0.0,0.0,0.005154639175257732,0.0,0.0,0.0,0.0,0.0,0.0,0.0,0.0,0.0,0.0,0.0,0.0,0.0,0.0,0.0,0.0
0.5573770491803278,0.0,0.002185792349726776,0.0,0.001092896174863388,0.0,0.0,0.002185792349726776,0.0,0.0,0.0,0.009836065573770493,0.0,0.0,0.0,0.0,0.0,0.0,0.0,0.0,0.0,0.0,0.0,0.001092896174863388,0.0,0.0,0.0,0.0,0.0,0.001092896174863388,0.0,0.0,0.0,0.0,0.0,0.0,0.0,0.003278688524590164,0.0,0.0,0.001092896174863388,0.0,0.0,0.0,0.0,0.0,0.0,0.0,0.0,0.0,0.0,0.0,0.0,0.0,0.002185792349726776,0.002185792349726776,0.0,0.0,0.0,0.0,0.0,0.0,0.0,0.0,0.0,0.0,0.0,0.0,0.0,0.001092896174863388,0.0,0.001092896174863388,0.0,0.0,0.0,0.0,0.0,0.0,0.05245901639344262,0.0,0.0,0.0,0.002185792349726776,0.0,0.0,0.0,0.003278688524590164,0.0,0.0,0.0,0.0,0.0,0.0,0.0,0.006557377049180328,0.003278688524590164,0.0,0.0,0.0,0.0,0.002185792349726776,0.0,0.0,0.0,0.0,0.0,0.0,0.01639344262295082,0.0,0.0,0.0,0.002185792349726776,0.0,0.0,0.0,0.00546448087431694,0.0,0.0,0.0,0.0,0.001092896174863388,0.0,0.03934426229508197,0.0,0.0,0.0,0.0,0.0,0.0,0.0,0.0,0.0,0.0,0.0,0.0,0.0,0.0,0.0,0.0,0.0,0.0,0.0,0.0,0.0,0.0,0.0,0.0,0.0,0.0,0.0,0.0,0.001092896174863388,0.0,0.0,0.0,0.0,0.029508196721311476,0.001092896174863388,0.0,0.0,0.0,0.0,0.0,0.0,0.001092896174863388,0.0,0.001092896174863388,0.0,0.0,0.003278688524590164,0.003278688524590164,0.0,0.0,0.0,0.0,0.0,0.0,0.0,0.015300546448087432,0.0,0.001092896174863388,0.001092896174863388,0.0,0.002185792349726776,0.0,0.0,0.0,0.001092896174863388,0.001092896174863388,0.001092896174863388,0.0,0.001092896174863388,0.0,0.0,0.0,0.0,0.0,0.0,0.0,0.0,0.003278688524590164,0.0,0.0,0.001092896174863388,0.0,0.0,0.001092896174863388,0.046994535519125684,0.004371584699453552,0.0,0.0,0.0,0.0,0.002185792349726776,0.001092896174863388,0.001092896174863388,0.0,0.0,0.0,0.0,0.0,0.0,0.0,0.0,0.0,0.0,0.001092896174863388,0.0,0.0,0.0,0.0,0.0,0.0,0.0,0.002185792349726776,0.0,0.001092896174863388,0.0,0.0,0.03278688524590164,0.0,0.0,0.0,0.0,0.0,0.001092896174863388,0.0,0.001092896174863388,0.002185792349726776,0.001092896174863388,0.0,0.0,0.0,0.0,0.0,0.0,0.001092896174863388,0.0,0.0,0.0,0.0,0.0,0.0,0.0,0.0,0.0,0.006557377049180328,0.003278688524590164,0.0,0.0,0.0,0.0,0.029508196721311476,0.0,0.0,0.0,0.0,0.0,0.001092896174863388,0.001092896174863388,0.001092896174863388,0.0,0.0,0.001092896174863388,0.01092896174863388,0.0,0.0,0.0,0.001092896174863388,0.0,0.0,0.0,0.0,0.0,0.0,0.0,0.0,0.0,0.01092896174863388,0.0,0.0,0.0,0.001092896174863388,0.001092896174863388,0.001092896174863388,0.0,0.0,0.0,0.0,0.004371584699453552,0.0,0.0,0.002185792349726776,0.01092896174863388,0.0,0.0,0.0,0.001092896174863388,0.0,0.0,0.0,0.0,0.0,0.00546448087431694,0.0,0.0,0.0,0.0,0.0,0.0,0.001092896174863388,0.0,0.0,0.012021857923497269,0.0,0.0,0.001092896174863388,0.0,0.0,0.0,0.0,0.0,0.0,0.0,0.001092896174863388,0.0,0.001092896174863388,0.0,0.0,0.0
0.5606936416184971,0.0,0.0,0.0,0.0,0.0,0.0,0.0,0.0,0.0,0.0,0.011560693641618497,0.0,0.0,0.005780346820809248,0.0,0.0,0.0,0.0,0.0,0.0,0.0,0.0,0.0,0.0,0.0,0.0,0.0,0.0,0.0,0.0,0.0,0.0,0.0,0.0,0.0,0.0,0.0,0.0,0.0,0.0,0.0,0.0,0.0,0.0,0.0,0.0,0.0,0.0,0.0,0.0,0.0,0.0,0.0,0.005780346820809248,0.0,0.0,0.0,0.0,0.0,0.0,0.0,0.0,0.0,0.0,0.0,0.0,0.0,0.0,0.0,0.0,0.0,0.005780346820809248,0.0,0.0,0.0,0.0,0.0,0.05202312138728324,0.0,0.0,0.0,0.0,0.0,0.0,0.0,0.0,0.0,0.0,0.0,0.0,0.0,0.0,0.0,0.011560693641618497,0.005780346820809248,0.005780346820809248,0.0,0.0,0.0,0.0,0.0,0.0,0.0,0.0,0.0,0.0,0.011560693641618497,0.0,0.0,0.0,0.0,0.0,0.0,0.0,0.005780346820809248,0.0,0.0,0.0,0.0,0.0,0.0,0.05202312138728324,0.0,0.0,0.0,0.0,0.0,0.005780346820809248,0.0,0.0,0.0,0.0,0.0,0.0,0.0,0.0,0.005780346820809248,0.0,0.0,0.0,0.0,0.0,0.0,0.0,0.0,0.0,0.0,0.0,0.0,0.0,0.0,0.0,0.0,0.0,0.0,0.03468208092485549,0.0,0.0,0.0,0.0,0.0,0.0,0.0,0.0,0.0,0.0,0.0,0.0,0.0,0.0,0.0,0.0,0.0,0.0,0.0,0.0,0.0,0.005780346820809248,0.0,0.0,0.0,0.0,0.0,0.0,0.0,0.0,0.0,0.0,0.0,0.0,0.0,0.0,0.0,0.0,0.0,0.0,0.0,0.0,0.0,0.0,0.005780346820809248,0.0,0.0,0.0,0.0,0.0,0.046242774566473986,0.011560693641618497,0.0,0.0,0.0,0.0,0.0,0.0,0.0,0.0,0.0,0.0,0.005780346820809248,0.0,0.0,0.0,0.0,0.0,0.0,0.0,0.0,0.0,0.0,0.0,0.0,0.0,0.0,0.0,0.0,0.0,0.0,0.0,0.023121387283236993,0.0,0.0,0.0,0.0,0.0,0.0,0.0,0.0,0.0,0.0,0.0,0.0,0.0,0.0,0.0,0.0,0.0,0.0,0.0,0.005780346820809248,0.0,0.0,0.0,0.0,0.005780346820809248,0.0,0.0,0.0,0.0,0.0,0.0,0.0,0.04046242774566474,0.0,0.0,0.0,0.0,0.0,0.0,0.0,0.0,0.0,0.0,0.0,0.046242774566473986,0.0,0.005780346820809248,0.0,0.0,0.0,0.0,0.0,0.0,0.0,0.0,0.0,0.0,0.0,0.005780346820809248,0.0,0.0,0.0,0.0,0.0,0.0,0.0,0.0,0.0,0.0,0.005780346820809248,0.005780346820809248,0.0,0.0,0.0,0.0,0.0,0.0,0.0,0.0,0.0,0.0,0.0,0.0,0.0,0.0,0.0,0.0,0.0,0.0,0.0,0.0,0.0,0.0,0.0,0.0,0.0,0.0,0.0,0.0,0.0,0.0,0.0,0.0,0.0,0.0,0.0,0.0,0.0,0.0,0.0
0.5476190476190477,0.0,0.0,0.0,0.0,0.0,0.0,0.001984126984126984,0.0,0.0,0.0,0.005952380952380952,0.0,0.0,0.0,0.0,0.001984126984126984,0.0,0.001984126984126984,0.0,0.0,0.0,0.0,0.0,0.0,0.0,0.0,0.0,0.0,0.0,0.0,0.0,0.0,0.0,0.0,0.0,0.0,0.003968253968253968,0.0,0.0,0.001984126984126984,0.001984126984126984,0.0,0.0,0.0,0.0,0.0,0.0,0.0,0.0,0.0,0.0,0.0,0.0,0.0,0.0,0.0,0.0,0.0,0.0,0.0,0.0,0.0,0.0,0.0,0.0,0.0,0.0,0.0,0.0,0.0,0.0,0.003968253968253968,0.0,0.0,0.001984126984126984,0.0,0.0,0.061507936507936505,0.001984126984126984,0.0,0.0,0.0,0.0,0.0,0.0,0.0,0.0,0.0,0.001984126984126984,0.0,0.0,0.0,0.0,0.011904761904761904,0.0,0.0,0.0,0.0,0.0,0.0,0.0,0.0,0.0,0.0,0.00992063492063492,0.0,0.013888888888888888,0.0,0.0,0.0,0.0,0.0,0.0,0.0,0.0,0.0,0.0,0.0,0.0,0.0,0.0,0.03373015873015873,0.0,0.0,0.0,0.0,0.0,0.0,0.0,0.0,0.0,0.001984126984126984,0.0,0.00992063492063492,0.001984126984126984,0.001984126984126984,0.0,0.0,0.001984126984126984,0.0,0.0,0.0,0.0,0.0,0.001984126984126984,0.001984126984126984,0.0,0.0,0.0,0.0,0.0,0.0,0.0,0.0,0.0,0.031746031746031744,0.0,0.0,0.0,0.0,0.0,0.0,0.0,0.0,0.0,0.0,0.0,0.0,0.001984126984126984,0.0,0.0,0.0,0.001984126984126984,0.0,0.0,0.0,0.0,0.003968253968253968,0.0,0.001984126984126984,0.0,0.0,0.001984126984126984,0.001984126984126984,0.0,0.0,0.0,0.0,0.0,0.0,0.0,0.0,0.0,0.0,0.0,0.0,0.0,0.0,0.0,0.0,0.0,0.0,0.0,0.0,0.0,0.0,0.04563492063492063,0.013888888888888888,0.0,0.0,0.0,0.0,0.001984126984126984,0.0,0.001984126984126984,0.0,0.0,0.0,0.0,0.0,0.0,0.0,0.003968253968253968,0.001984126984126984,0.001984126984126984,0.0,0.003968253968253968,0.001984126984126984,0.0,0.0,0.0,0.0,0.0,0.001984126984126984,0.0,0.0,0.0,0.0,0.023809523809523808,0.0,0.0,0.0,0.0,0.0,0.0,0.001984126984126984,0.0,0.0,0.0,0.0,0.0,0.0,0.0,0.0,0.0,0.0,0.0,0.0,0.0,0.0,0.0,0.0,0.0,0.0,0.0,0.0,0.0,0.0,0.0,0.0,0.0,0.025793650793650792,0.0,0.0,0.0,0.0,0.0,0.0,0.0,0.0,0.0,0.0,0.0,0.00992063492063492,0.0,0.0,0.0,0.0,0.0,0.0,0.0,0.0,0.0,0.0,0.0,0.0,0.0,0.003968253968253968,0.0,0.0,0.0,0.0,0.0,0.0,0.001984126984126984,0.0,0.0,0.0,0.0,0.0,0.0,0.0,0.027777777777777776,0.0,0.0,0.0,0.0,0.0,0.0,0.0,0.0,0.0,0.013888888888888888,0.0,0.0,0.0,0.0,0.0,0.0,0.0,0.0,0.0,0.027777777777777776,0.0,0.0,0.001984126984126984,0.0,0.0,0.0,0.0,0.0,0.0,0.0,0.0,0.0,0.003968253968253968,0.0,0.0,0.001984126984126984
0.5661538461538461,0.003076923076923077,0.0,0.0,0.0,0.0,0.0,0.0,0.0,0.0,0.0,0.012307692307692308,0.0,0.0,0.003076923076923077,0.003076923076923077,0.0,0.0,0.0,0.0,0.0,0.0,0.0,0.0,0.0,0.0,0.0,0.0,0.0,0.0,0.0,0.0,0.0,0.0,0.0,0.0,0.0,0.0,0.0,0.0,0.0,0.0,0.0,0.0,0.0,0.0,0.0,0.0,0.0,0.0,0.0,0.0,0.0,0.0,0.006153846153846154,0.0,0.0,0.0,0.0,0.0,0.0,0.0,0.0,0.0,0.0,0.0,0.0,0.0,0.0,0.0,0.0,0.0,0.006153846153846154,0.0,0.0,0.0,0.0,0.0,0.055384615384615386,0.0,0.0,0.0,0.0,0.0,0.0,0.0,0.0,0.0,0.0,0.0,0.0,0.0,0.0,0.0,0.006153846153846154,0.0,0.006153846153846154,0.0,0.0,0.0,0.0,0.0,0.0,0.0,0.0,0.0,0.0,0.009230769230769232,0.0,0.0,0.0,0.0,0.0,0.0,0.0,0.0,0.0,0.0,0.0,0.0,0.0,0.0,0.04923076923076923,0.0,0.0,0.0,0.0,0.0,0.0,0.006153846153846154,0.0,0.0,0.0,0.0,0.0,0.0,0.0,0.006153846153846154,0.0,0.0,0.0,0.0,0.0,0.0,0.0,0.0,0.0,0.0,0.0,0.003076923076923077,0.0,0.0,0.0,0.0,0.0,0.0,0.043076923076923075,0.0,0.0,0.0,0.0,0.0,0.0,0.0,0.0,0.0,0.0,0.0,0.0,0.0,0.0,0.0,0.0,0.0,0.0,0.0,0.0,0.0,0.006153846153846154,0.0,0.0,0.0,0.0,0.0,0.0,0.0,0.0,0.0,0.0,0.0,0.0,0.0,0.0,0.0,0.0,0.0,0.0,0.0,0.0,0.0,0.0,0.003076923076923077,0.003076923076923077,0.0,0.0,0.0,0.0,0.036923076923076927,0.006153846153846154,0.0,0.0,0.0,0.0,0.0,0.0,0.0,0.0,0.0,0.0,0.006153846153846154,0.0,0.0,0.0,0.0,0.0,0.0,0.0,0.0,0.0,0.0,0.0,0.0,0.0,0.0,0.0,0.0,0.0,0.0,0.0,0.021538461538461538,0.0,0.0,0.0,0.0,0.0,0.0,0.0,0.0,0.0,0.0,0.0,0.0,0.0,0.0,0.0,0.0,0.0,0.0,0.0,0.006153846153846154,0.0,0.0,0.0,0.0,0.006153846153846154,0.0,0.0,0.0,0.0,0.0,0.0,0.0,0.036923076923076927,0.0,0.0,0.0,0.0,0.0,0.0,0.0,0.0,0.0,0.0,0.0,0.04,0.0,0.006153846153846154,0.0,0.0,0.0,0.0,0.0,0.0,0.0,0.0,0.0,0.0,0.0,0.006153846153846154,0.0,0.0,0.0,0.0,0.0,0.0,0.0,0.0,0.0,0.0,0.0,0.0,0.0,0.0,0.015384615384615385,0.0,0.0,0.0,0.003076923076923077,0.0,0.0,0.0,0.003076923076923077,0.0,0.0,0.0,0.0,0.0,0.0,0.0,0.0,0.0,0.0,0.0,0.006153846153846154,0.0,0.0,0.0,0.0,0.0,0.0,0.003076923076923077,0.0,0.0,0.0,0.0,0.0,0.0,0.0,0.0,0.0
0.5644637053087758,0.0,0.0,0.0,0.0,0.0,0.0,0.0032502708559046588,0.0010834236186348862,0.0,0.0010834236186348862,0.00866738894907909,0.0010834236186348862,0.0,0.0,0.0,0.0,0.0,0.0,0.0,0.0,0.0,0.0,0.0,0.0,0.0,0.0,0.0,0.0,0.0,0.0,0.0,0.0,0.0010834236186348862,0.0,0.0,0.0010834236186348862,0.004333694474539545,0.0,0.0,0.0010834236186348862,0.0,0.0,0.0,0.0,0.0,0.0,0.0,0.0,0.0,0.0,0.0010834236186348862,0.0,0.0,0.0010834236186348862,0.0,0.0021668472372697724,0.0,0.0,0.0,0.0,0.0,0.0,0.0,0.0,0.0,0.0,0.0,0.0,0.0010834236186348862,0.0010834236186348862,0.0,0.0021668472372697724,0.0,0.0,0.0,0.0,0.0,0.05742145178764897,0.0,0.0,0.0010834236186348862,0.0010834236186348862,0.0010834236186348862,0.0010834236186348862,0.0,0.0,0.0,0.0,0.0,0.0,0.0010834236186348862,0.0,0.0,0.004333694474539545,0.0,0.0021668472372697724,0.0,0.0,0.0,0.0010834236186348862,0.0,0.0,0.0,0.0,0.0,0.0,0.013001083423618635,0.0,0.0,0.0,0.0,0.0,0.0010834236186348862,0.0,0.005417118093174431,0.0,0.0,0.0010834236186348862,0.0,0.0,0.0,0.04008667388949079,0.0,0.0,0.0,0.0,0.0,0.0010834236186348862,0.0,0.0,0.0,0.0,0.0,0.0021668472372697724,0.0,0.0021668472372697724,0.0,0.0,0.0,0.0,0.0,0.0,0.0010834236186348862,0.0,0.0010834236186348862,0.0021668472372697724,0.0021668472372697724,0.0010834236186348862,0.0021668472372697724,0.0,0.0,0.0,0.0010834236186348862,0.0,0.0010834236186348862,0.032502708559046585,0.0,0.0010834236186348862,0.0,0.0,0.0,0.0,0.0,0.0,0.0,0.0010834236186348862,0.0010834236186348862,0.0,0.0021668472372697724,0.0021668472372697724,0.0,0.0,0.0,0.0,0.0,0.0,0.0,0.01733477789815818,0.0010834236186348862,0.0,0.0,0.0,0.0,0.0,0.0,0.0010834236186348862,0.0010834236186348862,0.0010834236186348862,0.0021668472372697724,0.0,0.0,0.0065005417118093175,0.0,0.0,0.0010834236186348862,0.0,0.0,0.0,0.0010834236186348862,0.0032502708559046588,0.0,0.0,0.0,0.0010834236186348862,0.0010834236186348862,0.0,0.059588299024918745,0.0065005417118093175,0.0010834236186348862,0.0,0.0,0.0,0.0032502708559046588,0.0021668472372697724,0.0,0.0,0.0,0.0,0.0,0.0,0.0,0.0,0.0,0.0,0.0,0.0010834236186348862,0.0032502708559046588,0.0,0.0,0.0,0.0010834236186348862,0.0,0.0,0.0,0.0,0.0,0.0,0.0,0.0314192849404117,0.0,0.0,0.0,0.0010834236186348862,0.0,0.0,0.0,0.0,0.0032502708559046588,0.0010834236186348862,0.0,0.0,0.0,0.0,0.0,0.0,0.0,0.0,0.0,0.0010834236186348862,0.0010834236186348862,0.0,0.0,0.0,0.0,0.0,0.0,0.0,0.0,0.0010834236186348862,0.0,0.0,0.023835319609967497,0.0010834236186348862,0.0,0.0,0.0,0.0,0.0,0.0,0.0,0.0,0.0,0.0010834236186348862,0.016251354279523293,0.0,0.0,0.0,0.0021668472372697724,0.0,0.0,0.0,0.0,0.0,0.0,0.0,0.0,0.0,0.0065005417118093175,0.0,0.0,0.0,0.0,0.0,0.0,0.0,0.0,0.0,0.0,0.0032502708559046588,0.0010834236186348862,0.0010834236186348862,0.0,0.0021668472372697724,0.0,0.0,0.0,0.0,0.0,0.0,0.0,0.0,0.0,0.0,0.0,0.0,0.0,0.0,0.0,0.0,0.0,0.0,0.0,0.0010834236186348862,0.0,0.0,0.0,0.0,0.0,0.0,0.0,0.0,0.0,0.0,0.0,0.0,0.0,0.0,0.0,0.0
0.5754716981132075,0.0,0.0,0.0,0.0,0.0,0.0,0.0,0.0,0.0,0.0,0.014150943396226415,0.0,0.0,0.0,0.0,0.0,0.0,0.0,0.0,0.0,0.0,0.0,0.0,0.0,0.0,0.0,0.0047169811320754715,0.0,0.0,0.0,0.0,0.0,0.0,0.0047169811320754715,0.0023584905660377358,0.0,0.0047169811320754715,0.0023584905660377358,0.0,0.0,0.0,0.0,0.0,0.0,0.0,0.0,0.0023584905660377358,0.0023584905660377358,0.0,0.0,0.0,0.0,0.0,0.0,0.0,0.0,0.0,0.0,0.0,0.0,0.0,0.0,0.0,0.0,0.0,0.0,0.0,0.0,0.0,0.0,0.0,0.007075471698113208,0.0,0.0,0.0,0.0,0.0,0.04481132075471698,0.0,0.0,0.0,0.0,0.0,0.0,0.0,0.0,0.0,0.0,0.0,0.0,0.0023584905660377358,0.0,0.0,0.007075471698113208,0.0,0.007075471698113208,0.0,0.0,0.0,0.0,0.0,0.0,0.0,0.0,0.0,0.0,0.009433962264150943,0.0,0.0,0.0,0.0,0.0,0.0,0.0,0.0,0.0,0.0,0.0,0.0,0.0,0.0,0.0660377358490566,0.0,0.0,0.0,0.0,0.0,0.0,0.0,0.0,0.0,0.0,0.0023584905660377358,0.0,0.0,0.0,0.007075471698113208,0.0,0.0,0.0,0.0,0.0,0.0,0.0,0.0,0.0,0.0,0.0,0.0,0.0,0.0,0.0023584905660377358,0.0,0.0,0.0,0.04716981132075472,0.0,0.0,0.0,0.0,0.0,0.0,0.0,0.0,0.0,0.0,0.0,0.0,0.0,0.0,0.0,0.0,0.0,0.0023584905660377358,0.0,0.0,0.0,0.0,0.0,0.0,0.0,0.0,0.0,0.0,0.0,0.0,0.0,0.0,0.0,0.0,0.0,0.0,0.0,0.0,0.0,0.0,0.0,0.0,0.0,0.0,0.0,0.0,0.0,0.0,0.0,0.0,0.04009433962264151,0.014150943396226415,0.0,0.0,0.0,0.0,0.0,0.0,0.0,0.0,0.0,0.0,0.0,0.0,0.0,0.0,0.0,0.0,0.0,0.0,0.0,0.0,0.0,0.0,0.0,0.0,0.0,0.0,0.0,0.0,0.0,0.0,0.03773584905660377,0.0,0.0,0.0,0.0,0.0,0.0,0.0,0.0,0.0047169811320754715,0.0,0.0,0.0047169811320754715,0.0,0.0,0.0,0.0,0.0,0.0,0.0,0.007075471698113208,0.0,0.0,0.0,0.0,0.007075471698113208,0.0,0.0,0.0,0.0,0.0,0.0,0.0,0.030660377358490566,0.0,0.0,0.0,0.0,0.0,0.0,0.0,0.0,0.0,0.0,0.0,0.02358490566037736,0.0,0.007075471698113208,0.0,0.0,0.0,0.0,0.0,0.0,0.0,0.0,0.0,0.0,0.0,0.0,0.0,0.0,0.0,0.0,0.0,0.0,0.0,0.0,0.0,0.0,0.0,0.0,0.0,0.0,0.0023584905660377358,0.0,0.0,0.0,0.0,0.0,0.0,0.0,0.0,0.0,0.0,0.0,0.0,0.0,0.0,0.0,0.0,0.0,0.0,0.0,0.0023584905660377358,0.0,0.0,0.0,0.0,0.0,0.0,0.0,0.0,0.0,0.0,0.0,0.0,0.0,0.0,0.0,0.0
0.570054945054945,0.0,0.0,0.0,0.0,0.0,0.0,0.0013736263736263737,0.0,0.0,0.0,0.006868131868131868,0.0,0.0,0.0,0.0006868131868131869,0.0027472527472527475,0.0,0.0006868131868131869,0.0020604395604395605,0.0,0.0013736263736263737,0.0,0.0006868131868131869,0.0,0.0006868131868131869,0.0,0.0006868131868131869,0.0006868131868131869,0.0,0.0,0.0,0.0,0.0,0.0006868131868131869,0.0,0.0,0.0027472527472527475,0.0,0.0,0.0013736263736263737,0.0,0.0,0.0,0.0,0.0,0.0,0.0006868131868131869,0.0006868131868131869,0.0,0.0,0.0,0.0,0.0,0.0006868131868131869,0.0,0.0,0.0,0.0,0.0006868131868131869,0.0,0.0,0.0,0.0,0.0,0.0,0.0,0.0,0.0,0.0013736263736263737,0.0,0.0,0.0020604395604395605,0.0006868131868131869,0.0,0.0,0.0006868131868131869,0.0,0.06524725274725275,0.0020604395604395605,0.0006868131868131869,0.0,0.0,0.0,0.0,0.0006868131868131869,0.0,0.0,0.0,0.0,0.0,0.0,0.0,0.0,0.006181318681318681,0.0,0.0006868131868131869,0.0,0.0,0.0,0.0006868131868131869,0.0006868131868131869,0.0,0.0,0.0,0.0020604395604395605,0.0,0.01304945054945055,0.0,0.0006868131868131869,0.0,0.0013736263736263737,0.0013736263736263737,0.0,0.0,0.003434065934065934,0.0,0.0,0.0013736263736263737,0.0,0.0,0.0,0.03296703296703297,0.0,0.0,0.0,0.0,0.0,0.0,0.0006868131868131869,0.0,0.0,0.0,0.0006868131868131869,0.0006868131868131869,0.0,0.0006868131868131869,0.0020604395604395605,0.0,0.0,0.0006868131868131869,0.0,0.0,0.0,0.0006868131868131869,0.0006868131868131869,0.0,0.0,0.0,0.0006868131868131869,0.0006868131868131869,0.0,0.0006868131868131869,0.0,0.0,0.0,0.03021978021978022,0.0,0.0,0.0,0.0,0.0,0.0006868131868131869,0.0,0.0,0.0,0.0,0.0,0.0,0.0006868131868131869,0.0006868131868131869,0.0,0.0006868131868131869,0.0,0.0,0.0,0.0,0.0006868131868131869,0.008928571428571428,0.0,0.0020604395604395605,0.0,0.0,0.0013736263736263737,0.0,0.0,0.0,0.0006868131868131869,0.0,0.0006868131868131869,0.0006868131868131869,0.0,0.0020604395604395605,0.0013736263736263737,0.0,0.0,0.0006868131868131869,0.0,0.0,0.0,0.0,0.0,0.0,0.0,0.0,0.0,0.0,0.042582417582417584,0.007554945054945055,0.0,0.0,0.0,0.0,0.0013736263736263737,0.0013736263736263737,0.0,0.0,0.0006868131868131869,0.0,0.0006868131868131869,0.0,0.0013736263736263737,0.0006868131868131869,0.0020604395604395605,0.0,0.0,0.0006868131868131869,0.0006868131868131869,0.0,0.0,0.0,0.0,0.0,0.0,0.0,0.0,0.0,0.0,0.0,0.030906593406593408,0.0,0.0006868131868131869,0.0,0.0,0.0,0.0,0.0,0.0,0.0013736263736263737,0.0,0.0,0.0,0.0,0.0,0.0,0.0,0.0,0.0027472527472527475,0.0013736263736263737,0.0006868131868131869,0.0006868131868131869,0.0,0.0,0.0,0.0,0.0,0.0,0.0,0.0,0.0,0.0020604395604395605,0.0,0.02403846153846154,0.0,0.0,0.0006868131868131869,0.0,0.0006868131868131869,0.0,0.0,0.0,0.0,0.0,0.0,0.016483516483516484,0.0,0.0,0.0,0.0013736263736263737,0.0,0.0,0.0,0.0,0.0,0.0,0.0,0.0,0.0,0.011675824175824176,0.0,0.0,0.0,0.0,0.0,0.0,0.005494505494505495,0.0020604395604395605,0.0,0.0,0.0006868131868131869,0.0,0.0,0.0,0.01304945054945055,0.0,0.0,0.0,0.0,0.0,0.0,0.0,0.0,0.0,0.006181318681318681,0.0,0.0,0.0,0.0,0.0,0.0,0.0,0.0006868131868131869,0.0,0.01304945054945055,0.0,0.0,0.0006868131868131869,0.0,0.0,0.0,0.0,0.0,0.0,0.0,0.0,0.0,0.004807692307692308,0.0013736263736263737,0.0006868131868131869,0.0006868131868131869
0.579225352112676,0.0,0.0,0.0,0.0,0.0,0.0,0.0,0.0,0.0,0.0,0.0017605633802816902,0.0,0.0017605633802816902,0.0,0.0,0.0017605633802816902,0.0,0.0,0.0017605633802816902,0.0,0.0,0.0017605633802816902,0.0035211267605633804,0.0,0.0,0.0,0.0,0.0,0.0,0.0,0.0,0.0,0.0,0.0,0.0,0.0,0.00528169014084507,0.0,0.0,0.0,0.0,0.0,0.0,0.0,0.0,0.0,0.0,0.0,0.0,0.0,0.0,0.0,0.0035211267605633804,0.0,0.0,0.0,0.0,0.0,0.0017605633802816902,0.0,0.0,0.0,0.0,0.0,0.0,0.0,0.0,0.0,0.0,0.0,0.0,0.0035211267605633804,0.0,0.0,0.0,0.0,0.0,0.04753521126760563,0.0,0.0,0.0,0.0,0.0,0.0,0.0,0.0,0.0,0.0,0.0,0.0,0.0,0.0,0.0,0.007042253521126761,0.0,0.0035211267605633804,0.0,0.0,0.0,0.0035211267605633804,0.0017605633802816902,0.0017605633802816902,0.0,0.0,0.0,0.0,0.014084507042253521,0.0,0.0,0.0,0.0,0.0,0.0,0.0,0.0017605633802816902,0.0,0.0,0.0,0.0,0.0,0.0,0.045774647887323945,0.0,0.0,0.0,0.0,0.0,0.0,0.0,0.0,0.0,0.0,0.0,0.007042253521126761,0.0,0.0,0.0,0.0,0.0,0.0,0.0,0.0,0.0,0.0,0.0,0.0,0.0,0.0,0.0,0.0,0.0,0.0,0.0,0.0,0.0,0.04225352112676056,0.0,0.0,0.0,0.0,0.0,0.0,0.0,0.0,0.0,0.0,0.0,0.0,0.0035211267605633804,0.0017605633802816902,0.0,0.0,0.0,0.0,0.0,0.0,0.0,0.01056338028169014,0.0,0.0,0.0,0.0,0.00528169014084507,0.0,0.0035211267605633804,0.0,0.0,0.0,0.0017605633802816902,0.0,0.0,0.0,0.0,0.0,0.0,0.0,0.0,0.0,0.0,0.0,0.0,0.0,0.0,0.0,0.0,0.0,0.035211267605633804,0.008802816901408451,0.0,0.0,0.0,0.0,0.0,0.0,0.0,0.0,0.0,0.0,0.0,0.0,0.0017605633802816902,0.0,0.0,0.0,0.0,0.0,0.0017605633802816902,0.0,0.0,0.0,0.0,0.0,0.0,0.0,0.0,0.0,0.0,0.0,0.02640845070422535,0.0,0.0,0.0,0.0,0.0,0.0,0.0,0.0017605633802816902,0.007042253521126761,0.0,0.0,0.0,0.0,0.0,0.0,0.0,0.0,0.0017605633802816902,0.0,0.0035211267605633804,0.0,0.0,0.0,0.0,0.0,0.0,0.0,0.0,0.0,0.0,0.0,0.0,0.02640845070422535,0.0,0.0017605633802816902,0.0,0.0,0.0,0.0,0.0,0.0,0.0,0.0035211267605633804,0.0,0.035211267605633804,0.0,0.0035211267605633804,0.0,0.007042253521126761,0.0,0.0,0.0,0.0,0.0,0.0,0.0,0.0,0.0,0.01232394366197183,0.0,0.0,0.0,0.0,0.0,0.0,0.007042253521126761,0.0,0.0,0.0,0.0,0.0,0.0,0.0,0.0017605633802816902,0.0,0.0,0.0,0.0,0.0,0.0,0.0,0.0,0.0,0.0,0.0,0.0,0.0,0.0,0.0,0.0,0.0,0.0,0.0,0.00528169014084507,0.0,0.0,0.0,0.0,0.0,0.0,0.0,0.0,0.0,0.0,0.0,0.0,0.0,0.0,0.0,0.0
0.5732484076433121,0.0,0.0,0.0,0.0,0.0,0.0,0.0,0.0,0.0,0.0,0.0,0.0,0.0,0.0,0.0,0.006369426751592357,0.0,0.0,0.006369426751592357,0.0,0.0,0.0,0.0,0.0,0.0,0.0,0.006369426751592357,0.0,0.0,0.0,0.0,0.0,0.0,0.0,0.0,0.0,0.0,0.0,0.0,0.0,0.0,0.0,0.0,0.0,0.0,0.0,0.0,0.0,0.0,0.0,0.0,0.0,0.006369426751592357,0.0,0.0,0.0,0.0,0.0,0.0,0.0,0.0,0.0,0.0,0.0,0.0,0.0,0.0,0.0,0.0,0.0,0.0,0.006369426751592357,0.0,0.0,0.0,0.0,0.0,0.044585987261146494,0.0,0.0,0.0,0.0,0.0,0.0,0.0,0.0,0.0,0.0,0.0,0.0,0.0,0.0,0.0,0.006369426751592357,0.0,0.006369426751592357,0.0,0.0,0.0,0.0,0.0,0.0,0.0,0.0,0.0,0.0,0.01910828025477707,0.006369426751592357,0.0,0.0,0.0,0.0,0.0,0.0,0.0,0.0,0.0,0.0,0.0,0.0,0.0,0.06369426751592357,0.0,0.0,0.0,0.0,0.0,0.0,0.0,0.0,0.0,0.0,0.0,0.006369426751592357,0.0,0.0,0.0,0.0,0.0,0.0,0.0,0.0,0.0,0.0,0.0,0.0,0.0,0.0,0.0,0.0,0.0,0.0,0.0,0.0,0.0,0.044585987261146494,0.0,0.0,0.0,0.0,0.0,0.0,0.0,0.0,0.0,0.0,0.0,0.0,0.0,0.0,0.0,0.0,0.0,0.0,0.0,0.0,0.0,0.0,0.0,0.0,0.0,0.0,0.0,0.0,0.0,0.0,0.0,0.0,0.0,0.0,0.0,0.0,0.0,0.0,0.0,0.0,0.0,0.0,0.0,0.0,0.0,0.0,0.0,0.0,0.0,0.0,0.025477707006369428,0.012738853503184714,0.0,0.0,0.0,0.0,0.0,0.0,0.0,0.0,0.0,0.0,0.0,0.0,0.006369426751592357,0.0,0.0,0.0,0.0,0.0,0.0,0.0,0.0,0.0,0.0,0.0,0.0,0.0,0.0,0.0,0.0,0.0,0.025477707006369428,0.0,0.0,0.0,0.0,0.0,0.0,0.0,0.0,0.006369426751592357,0.0,0.0,0.0,0.0,0.0,0.0,0.0,0.0,0.0,0.0,0.006369426751592357,0.0,0.0,0.0,0.0,0.0,0.0,0.0,0.0,0.0,0.0,0.0,0.0,0.03184713375796178,0.0,0.0,0.0,0.0,0.0,0.0,0.0,0.0,0.0,0.0,0.0,0.044585987261146494,0.0,0.006369426751592357,0.0,0.006369426751592357,0.0,0.0,0.0,0.0,0.0,0.0,0.0,0.0,0.0,0.012738853503184714,0.0,0.0,0.0,0.0,0.0,0.0,0.006369426751592357,0.0,0.0,0.0,0.0,0.0,0.0,0.0,0.006369426751592357,0.0,0.0,0.0,0.0,0.0,0.0,0.0,0.0,0.0,0.0,0.0,0.0,0.0,0.0,0.0,0.0,0.0,0.0,0.0,0.0,0.0,0.0,0.0,0.0,0.0,0.0,0.0,0.0,0.0,0.0,0.0,0.0,0.0,0.0,0.0,0.0
0.5572998430141287,0.0,0.0,0.0015698587127158557,0.0,0.0,0.0015698587127158557,0.0,0.0,0.0,0.0,0.0,0.0,0.0,0.0,0.0,0.0015698587127158557,0.0015698587127158557,0.0,0.0,0.0031397174254317113,0.0,0.0,0.0015698587127158557,0.0015698587127158557,0.0,0.0,0.0,0.0,0.0,0.0,0.0,0.0,0.0,0.0,0.0,0.0,0.004709576138147566,0.0,0.0,0.0015698587127158557,0.0015698587127158557,0.0015698587127158557,0.0,0.0,0.0,0.0015698587127158557,0.0,0.0,0.0,0.0,0.0,0.0,0.0,0.0015698587127158557,0.0015698587127158557,0.0,0.0,0.0,0.0,0.0,0.0,0.0,0.0,0.0,0.0,0.0031397174254317113,0.0,0.0,0.0,0.0,0.0,0.0,0.0,0.0,0.0,0.0,0.0,0.058084772370486655,0.0,0.0,0.0,0.0,0.0,0.0,0.0,0.0015698587127158557,0.0015698587127158557,0.0015698587127158557,0.0,0.0,0.0,0.0,0.0,0.0031397174254317113,0.0,0.0,0.0,0.0,0.0,0.0,0.0,0.0,0.0,0.0,0.0031397174254317113,0.0,0.02511773940345369,0.0,0.0,0.0,0.0,0.0,0.0,0.0015698587127158557,0.0,0.0,0.0,0.0,0.0,0.0,0.0,0.03924646781789639,0.0,0.0,0.0,0.0,0.0,0.0,0.0,0.0015698587127158557,0.0,0.004709576138147566,0.0,0.007849293563579277,0.0,0.0,0.0031397174254317113,0.0,0.0,0.0,0.0,0.0,0.0,0.0,0.0,0.0,0.0,0.0,0.0,0.0,0.0,0.0,0.0,0.0,0.0,0.04552590266875981,0.0,0.0,0.0,0.0,0.0,0.0,0.0,0.0,0.0,0.0,0.0,0.0,0.0,0.0,0.0,0.0,0.004709576138147566,0.0,0.0,0.0015698587127158557,0.0,0.006279434850863423,0.0,0.0,0.0,0.0015698587127158557,0.0,0.0,0.0,0.0,0.0,0.0,0.0,0.0,0.0,0.0,0.0,0.0,0.0,0.0,0.0,0.0,0.0,0.0,0.0,0.0,0.0,0.0,0.0,0.0,0.04395604395604396,0.01098901098901099,0.0,0.0,0.0,0.0,0.0,0.0,0.0015698587127158557,0.0,0.0,0.0,0.0,0.0,0.0,0.0,0.0,0.0,0.0,0.0,0.0015698587127158557,0.0,0.0,0.0,0.0,0.0,0.0,0.0,0.0,0.0,0.0,0.0,0.007849293563579277,0.0,0.0,0.0,0.0,0.0,0.0,0.0,0.0,0.0,0.0,0.0,0.0,0.0,0.0,0.0,0.0,0.0,0.0,0.0,0.0,0.0,0.0,0.0,0.0,0.0,0.0,0.0,0.0,0.0,0.0,0.0,0.0,0.03453689167974882,0.0,0.0,0.0,0.0,0.0,0.0,0.0,0.0,0.0015698587127158557,0.0,0.0,0.01098901098901099,0.0,0.0,0.0,0.0,0.0,0.0,0.0,0.0,0.0,0.0,0.0,0.0,0.0,0.0141287284144427,0.0,0.009419152276295133,0.0,0.0,0.0,0.0,0.0,0.0,0.0,0.0,0.0015698587127158557,0.0,0.0,0.0,0.02511773940345369,0.0,0.0,0.0,0.0015698587127158557,0.0,0.0,0.0,0.0,0.0,0.0031397174254317113,0.0,0.0,0.0,0.0,0.0,0.0,0.0,0.0,0.0,0.02040816326530612,0.0,0.0,0.0015698587127158557,0.006279434850863423,0.0015698587127158557,0.0,0.0031397174254317113,0.0,0.0,0.0,0.0,0.0,0.0,0.0,0.0,0.0
0.525691699604743,0.0,0.0,0.0,0.0,0.002635046113306983,0.0,0.0,0.0,0.0,0.0,0.0,0.0,0.0,0.0,0.0,0.0,0.0,0.0,0.0,0.002635046113306983,0.0013175230566534915,0.0,0.0013175230566534915,0.0,0.0,0.0,0.0,0.0,0.0,0.0,0.0,0.0,0.0,0.0,0.0,0.0,0.0013175230566534915,0.0,0.0,0.0,0.0,0.0013175230566534915,0.0013175230566534915,0.0,0.0,0.0,0.0,0.0,0.0,0.0,0.0,0.0,0.0,0.0013175230566534915,0.0013175230566534915,0.0,0.0013175230566534915,0.0013175230566534915,0.0,0.0013175230566534915,0.0013175230566534915,0.0013175230566534915,0.0013175230566534915,0.0,0.0,0.002635046113306983,0.0,0.0,0.0,0.0,0.0,0.0013175230566534915,0.0,0.0,0.0,0.0,0.0,0.034255599472990776,0.0,0.0,0.0,0.0,0.0,0.0,0.0,0.0,0.0,0.0,0.0,0.0,0.0,0.0,0.0,0.023715415019762844,0.0,0.0,0.0,0.0,0.0,0.0,0.0,0.0,0.003952569169960474,0.0013175230566534915,0.015810276679841896,0.0013175230566534915,0.013175230566534914,0.0,0.0,0.0,0.0,0.0,0.0,0.0013175230566534915,0.010540184453227932,0.0,0.0,0.0,0.0,0.0,0.0013175230566534915,0.021080368906455864,0.0,0.0,0.0,0.0,0.0,0.0,0.0,0.002635046113306983,0.0,0.0,0.0,0.0013175230566534915,0.0,0.0013175230566534915,0.0,0.0,0.0,0.0,0.0,0.0,0.0,0.0,0.0,0.0,0.0,0.0,0.0,0.0,0.0,0.0,0.0,0.0,0.0,0.03820816864295125,0.0,0.0,0.0,0.0,0.0013175230566534915,0.0,0.0,0.002635046113306983,0.0,0.002635046113306983,0.0,0.0,0.0,0.0,0.0,0.0,0.0,0.0,0.0013175230566534915,0.0,0.0,0.010540184453227932,0.0,0.0,0.0,0.0,0.0013175230566534915,0.0,0.0,0.0,0.0,0.0,0.0,0.0,0.0,0.0013175230566534915,0.0,0.0,0.0,0.0,0.0,0.0013175230566534915,0.0,0.0,0.0,0.0,0.0,0.0,0.0,0.0,0.026350461133069828,0.0013175230566534915,0.0,0.0,0.0,0.0,0.0,0.0,0.003952569169960474,0.0013175230566534915,0.0,0.0,0.0,0.0,0.0,0.0,0.005270092226613966,0.002635046113306983,0.0,0.0,0.002635046113306983,0.0,0.0,0.0,0.002635046113306983,0.0013175230566534915,0.0013175230566534915,0.0013175230566534915,0.0,0.0,0.0,0.0,0.023715415019762844,0.0,0.0,0.0,0.0,0.0,0.0,0.0,0.0,0.0,0.0,0.0,0.0,0.0,0.0,0.0,0.0,0.0,0.0,0.0,0.0,0.0,0.0,0.0,0.0,0.0,0.0,0.0,0.0,0.0,0.0,0.002635046113306983,0.0,0.015810276679841896,0.0,0.0,0.0,0.0013175230566534915,0.0,0.0,0.0,0.0,0.0,0.0,0.0013175230566534915,0.014492753623188406,0.0013175230566534915,0.0,0.0,0.0,0.0,0.0,0.0,0.0,0.0,0.0,0.0,0.0,0.0,0.003952569169960474,0.0,0.0,0.0,0.0,0.0,0.0,0.0013175230566534915,0.0,0.0,0.0,0.0013175230566534915,0.0,0.0,0.0,0.04479578392621871,0.007905138339920948,0.0013175230566534915,0.0,0.002635046113306983,0.0,0.0,0.0,0.0,0.0,0.019762845849802372,0.0,0.0,0.0,0.0,0.0,0.0,0.0,0.0,0.0,0.048748353096179184,0.0,0.0013175230566534915,0.0013175230566534915,0.0013175230566534915,0.0,0.0,0.0013175230566534915,0.0,0.0013175230566534915,0.0,0.002635046113306983,0.0,0.0013175230566534915,0.0013175230566534915,0.0,0.0
0.5719844357976653,0.0,0.0,0.0,0.0,0.0,0.0,0.0,0.0,0.0,0.0,0.0038910505836575876,0.0,0.0,0.0,0.0,0.0,0.0,0.0,0.0,0.0,0.0,0.0,0.0038910505836575876,0.0,0.0,0.0,0.0,0.0,0.0,0.0,0.0,0.0,0.0,0.0,0.0,0.0,0.0038910505836575876,0.0,0.0,0.0,0.0,0.0,0.0,0.0,0.0,0.0,0.0,0.0,0.0,0.0,0.0,0.0038910505836575876,0.0,0.0038910505836575876,0.0038910505836575876,0.0,0.0,0.0,0.0,0.0,0.0,0.0,0.0,0.0,0.0,0.0,0.0,0.0,0.0,0.0,0.0,0.0038910505836575876,0.0,0.0,0.0,0.0,0.0,0.042801556420233464,0.0,0.0,0.0,0.0,0.0,0.0,0.0,0.0038910505836575876,0.0,0.0,0.0,0.0,0.0,0.0,0.0,0.023346303501945526,0.0,0.0,0.0,0.0,0.0,0.0,0.0,0.0,0.0,0.0,0.0,0.0,0.007782101167315175,0.0,0.0,0.0,0.0,0.0,0.0,0.0,0.0,0.0,0.0,0.0,0.0,0.0,0.0,0.027237354085603113,0.0,0.0,0.0,0.0,0.0,0.0,0.0,0.0,0.0,0.0,0.0,0.0038910505836575876,0.0,0.0,0.0,0.0,0.0,0.0,0.0,0.0,0.0,0.0,0.0,0.0,0.0,0.0,0.0,0.0,0.0,0.0,0.0,0.0,0.0,0.03501945525291829,0.0,0.0,0.0,0.0,0.0,0.0,0.0,0.0,0.0,0.0,0.0,0.0,0.0038910505836575876,0.0038910505836575876,0.0,0.0,0.0,0.0,0.0,0.0,0.0,0.01556420233463035,0.0,0.0,0.0,0.0,0.0038910505836575876,0.0,0.0,0.0,0.0,0.0,0.007782101167315175,0.0,0.0,0.0038910505836575876,0.0,0.0038910505836575876,0.0,0.0,0.0,0.0,0.0,0.0,0.0,0.0,0.0,0.0,0.0,0.0,0.06614785992217899,0.0038910505836575876,0.0,0.0,0.0,0.007782101167315175,0.0,0.0,0.0038910505836575876,0.0,0.0,0.0,0.0,0.0,0.0,0.0,0.01556420233463035,0.0,0.0,0.0,0.0,0.0,0.0,0.0,0.0,0.0,0.0,0.0,0.0,0.0,0.0,0.0,0.03501945525291829,0.0,0.0,0.0,0.0,0.0,0.0,0.0,0.0,0.011673151750972763,0.0,0.0,0.0,0.0,0.0,0.0,0.0,0.0,0.0,0.0,0.0038910505836575876,0.0,0.0,0.0,0.0,0.0,0.0,0.0,0.0,0.0,0.0,0.0,0.0,0.01556420233463035,0.0,0.0,0.0,0.0,0.0,0.0,0.0,0.0,0.0,0.0,0.0,0.019455252918287938,0.0,0.0,0.0,0.0,0.0,0.0,0.0,0.0,0.0,0.0,0.0,0.0,0.0,0.007782101167315175,0.0,0.0,0.0,0.0,0.0,0.0,0.0,0.0,0.0,0.0,0.0,0.0,0.0,0.0,0.007782101167315175,0.0,0.0,0.0,0.0,0.0,0.0,0.0,0.0,0.0,0.0,0.0,0.0,0.0,0.0,0.0,0.0,0.0,0.0,0.0,0.007782101167315175,0.0,0.0,0.0,0.0,0.0,0.0,0.0038910505836575876,0.0038910505836575876,0.0,0.0,0.0,0.0,0.0,0.0,0.0,0.0
0.4672897196261682,0.0,0.0,0.0,0.0,0.0,0.0,0.0,0.0,0.0,0.0,0.0,0.0,0.0,0.0,0.0,0.0,0.0,0.0,0.0,0.0,0.0,0.0,0.0,0.0,0.0,0.0,0.0,0.0,0.0,0.0,0.0,0.0,0.0,0.0,0.0,0.0,0.0,0.0,0.0,0.0,0.0,0.0,0.0,0.0,0.0,0.0,0.0,0.0,0.0,0.0,0.0,0.0,0.0,0.0,0.0,0.0,0.0,0.0,0.0,0.0,0.0,0.0,0.0,0.0,0.0,0.0,0.0,0.0,0.0,0.0,0.0,0.0,0.0,0.0,0.0,0.0,0.0,0.037383177570093455,0.0,0.0,0.0,0.0,0.0,0.0,0.0,0.018691588785046728,0.0,0.0,0.0,0.0,0.0,0.0,0.0,0.0,0.0,0.0,0.0,0.0,0.0,0.0,0.0,0.0,0.0,0.0,0.0,0.0,0.0,0.0,0.0,0.0,0.0,0.0,0.0,0.0,0.0,0.0,0.0,0.0,0.0,0.0,0.0,0.0,0.0,0.0,0.0,0.0,0.0,0.0,0.0,0.0,0.0,0.0,0.0,0.0,0.0,0.0,0.0,0.0,0.0,0.0,0.0,0.0,0.0,0.0,0.0,0.0,0.0,0.0,0.0,0.0,0.0,0.0,0.0,0.0,0.0,0.0,0.0,0.0,0.0,0.0,0.0,0.0,0.0,0.0,0.0,0.0,0.0,0.0,0.0,0.0,0.0,0.0,0.0,0.0,0.0,0.0,0.0,0.0,0.0,0.0,0.0,0.0,0.0,0.0,0.0,0.0,0.0,0.0,0.0,0.0,0.0,0.0,0.0,0.0,0.0,0.0,0.0,0.0,0.0,0.0,0.0,0.0,0.0,0.0,0.0,0.0,0.009345794392523364,0.0,0.0,0.0,0.0,0.0,0.0,0.0,0.0,0.0,0.0,0.0,0.0,0.0,0.0,0.0,0.0,0.0,0.0,0.0,0.0,0.0,0.0,0.0,0.0,0.0,0.0,0.009345794392523364,0.0,0.0,0.009345794392523364,0.0,0.009345794392523364,0.0,0.0,0.0,0.0,0.0,0.0,0.0,0.0,0.0,0.0,0.0,0.0,0.0,0.0,0.0,0.0,0.0,0.0,0.0,0.0,0.0,0.0,0.0,0.0,0.0,0.0,0.0,0.0,0.0,0.0,0.0,0.0,0.018691588785046728,0.0,0.0,0.0,0.0,0.0,0.0,0.0,0.0,0.0,0.0,0.0,0.018691588785046728,0.0,0.0,0.0,0.0,0.0,0.0,0.0,0.0,0.0,0.0,0.0,0.0,0.0,0.018691588785046728,0.0,0.0,0.0,0.0,0.0,0.0,0.0,0.0,0.0,0.0,0.0,0.0,0.0,0.0,0.11214953271028037,0.0,0.0,0.0,0.028037383177570093,0.0,0.0,0.0,0.0,0.009345794392523364,0.04672897196261682,0.0,0.0,0.0,0.0,0.0,0.009345794392523364,0.009345794392523364,0.0,0.0,0.08411214953271028,0.0,0.0,0.0,0.0,0.0,0.0,0.037383177570093455,0.009345794392523364,0.0,0.028037383177570093,0.009345794392523364,0.0,0.0,0.0,0.0,0.0
0.5163934426229508,0.0,0.0,0.0,0.0,0.0,0.0,0.0,0.0,0.0,0.0,0.0,0.0,0.0,0.0,0.0,0.0,0.0,0.0,0.0,0.0,0.0,0.0,0.00819672131147541,0.0,0.0,0.0,0.0,0.0,0.0,0.0,0.0,0.0,0.0,0.0,0.0,0.0,0.0,0.0,0.0,0.0,0.0,0.0,0.0,0.0,0.0,0.0,0.0,0.0,0.0,0.0,0.0,0.0,0.0,0.0,0.0,0.0,0.0,0.0,0.0,0.0,0.0,0.0,0.0,0.0,0.0,0.0,0.0,0.0,0.0,0.0,0.0,0.0,0.0,0.0,0.0,0.0,0.00819672131147541,0.04918032786885246,0.0,0.0,0.0,0.0,0.0,0.0,0.0,0.01639344262295082,0.0,0.0,0.0,0.0,0.0,0.0,0.0,0.0,0.0,0.0,0.0,0.0,0.0,0.0,0.0,0.0,0.0,0.0,0.0,0.0,0.0,0.0,0.0,0.0,0.0,0.0,0.0,0.0,0.0,0.0,0.0,0.0,0.0,0.0,0.0,0.0,0.0,0.0,0.0,0.0,0.0,0.0,0.0,0.0,0.0,0.0,0.0,0.0,0.0,0.0,0.0,0.0,0.0,0.0,0.0,0.0,0.0,0.0,0.0,0.0,0.0,0.0,0.0,0.0,0.0,0.0,0.0,0.0,0.0,0.00819672131147541,0.0,0.0,0.0,0.0,0.0,0.0,0.0,0.0,0.0,0.0,0.0,0.0,0.0,0.0,0.0,0.0,0.0,0.0,0.0,0.0,0.0,0.0,0.0,0.0,0.0,0.0,0.0,0.0,0.0,0.0,0.0,0.0,0.0,0.0,0.0,0.0,0.0,0.0,0.0,0.0,0.0,0.0,0.0,0.0,0.0,0.0,0.0,0.0,0.0,0.0,0.01639344262295082,0.0,0.0,0.0,0.0,0.0,0.0,0.0,0.0,0.0,0.0,0.0,0.0,0.0,0.0,0.0,0.0,0.0,0.0,0.0,0.0,0.0,0.0,0.0,0.0,0.0,0.0,0.00819672131147541,0.00819672131147541,0.0,0.0,0.00819672131147541,0.01639344262295082,0.0,0.0,0.0,0.0,0.0,0.0,0.0,0.0,0.0,0.0,0.0,0.0,0.0,0.0,0.0,0.0,0.0,0.0,0.0,0.0,0.0,0.0,0.0,0.0,0.0,0.0,0.0,0.0,0.0,0.0,0.0,0.0,0.01639344262295082,0.0,0.0,0.0,0.0,0.0,0.0,0.0,0.0,0.0,0.0,0.0,0.02459016393442623,0.0,0.0,0.0,0.0,0.0,0.0,0.0,0.0,0.0,0.0,0.0,0.0,0.0,0.02459016393442623,0.0,0.0,0.0,0.0,0.0,0.0,0.0,0.0,0.0,0.00819672131147541,0.0,0.0,0.0,0.0,0.06557377049180328,0.0,0.0,0.0,0.0,0.0,0.0,0.0,0.0,0.0,0.03278688524590164,0.0,0.0,0.0,0.0,0.0,0.0,0.00819672131147541,0.0,0.0,0.09016393442622951,0.00819672131147541,0.0,0.0,0.0,0.0,0.0,0.03278688524590164,0.0,0.0,0.00819672131147541,0.01639344262295082,0.0,0.0,0.0,0.0,0.0
0.5636363636363636,0.0,0.0,0.0,0.0,0.0,0.0,0.0,0.0,0.0,0.0,0.0,0.0,0.0,0.0,0.0,0.0,0.0,0.0,0.0,0.0,0.0,0.0,0.00909090909090909,0.0,0.0,0.0,0.0,0.0,0.0,0.0,0.0,0.0,0.0,0.0,0.0,0.0,0.0,0.0,0.0,0.0,0.0,0.0,0.0,0.0,0.0,0.0,0.0,0.0,0.0,0.0,0.0,0.0,0.0,0.0,0.0,0.0,0.0,0.0,0.0,0.0,0.0,0.0,0.0,0.0,0.0,0.0,0.0,0.0,0.0,0.0,0.0,0.0,0.0,0.00909090909090909,0.0,0.0,0.0,0.03636363636363636,0.0,0.0,0.0,0.0,0.0,0.0,0.0,0.00909090909090909,0.0,0.0,0.0,0.0,0.0,0.0,0.0,0.00909090909090909,0.0,0.0,0.0,0.00909090909090909,0.0,0.0,0.0,0.0,0.0,0.0,0.0,0.0,0.00909090909090909,0.0,0.0,0.0,0.0,0.0,0.0,0.0,0.0,0.0,0.0,0.0,0.0,0.0,0.0,0.01818181818181818,0.0,0.0,0.0,0.0,0.0,0.0,0.0,0.0,0.0,0.0,0.0,0.0,0.0,0.0,0.0,0.0,0.0,0.0,0.0,0.0,0.0,0.0,0.0,0.0,0.0,0.0,0.0,0.0,0.0,0.0,0.0,0.0,0.0,0.02727272727272727,0.0,0.0,0.0,0.0,0.0,0.0,0.0,0.0,0.0,0.0,0.0,0.0,0.0,0.0,0.0,0.0,0.0,0.0,0.0,0.0,0.0,0.01818181818181818,0.0,0.0,0.0,0.0,0.0,0.0,0.0,0.0,0.0,0.0,0.0,0.0,0.0,0.0,0.0,0.0,0.0,0.0,0.0,0.0,0.0,0.0,0.0,0.0,0.0,0.0,0.00909090909090909,0.0,0.045454545454545456,0.00909090909090909,0.0,0.0,0.0,0.0,0.0,0.0,0.00909090909090909,0.0,0.0,0.0,0.0,0.0,0.0,0.0,0.0,0.0,0.0,0.0,0.0,0.0,0.0,0.0,0.0,0.0,0.0,0.0,0.0,0.0,0.0,0.0,0.00909090909090909,0.0,0.0,0.0,0.0,0.0,0.0,0.0,0.0,0.0,0.0,0.0,0.0,0.0,0.0,0.0,0.0,0.0,0.0,0.0,0.0,0.0,0.0,0.0,0.0,0.0,0.0,0.0,0.0,0.0,0.0,0.0,0.0,0.02727272727272727,0.0,0.0,0.0,0.0,0.0,0.0,0.0,0.0,0.0,0.0,0.0,0.02727272727272727,0.0,0.0,0.0,0.0,0.0,0.0,0.0,0.0,0.0,0.0,0.0,0.0,0.0,0.00909090909090909,0.0,0.0,0.0,0.0,0.0,0.0,0.0,0.0,0.0,0.0,0.0,0.0,0.0,0.0,0.03636363636363636,0.0,0.0,0.0,0.0,0.0,0.0,0.0,0.0,0.0,0.02727272727272727,0.0,0.0,0.0,0.0,0.0,0.0,0.00909090909090909,0.0,0.0,0.045454545454545456,0.0,0.0,0.0,0.0,0.0,0.0,0.00909090909090909,0.0,0.0,0.0,0.00909090909090909,0.0,0.0,0.0,0.0,0.0
0.5769230769230769,0.0,0.0,0.0,0.0,0.0,0.0,0.0,0.0,0.0,0.0,0.0,0.0,0.0,0.0,0.0,0.02564102564102564,0.0,0.0,0.0,0.01282051282051282,0.0,0.0,0.0,0.0,0.0,0.0,0.0,0.0,0.0,0.0,0.01282051282051282,0.0,0.0,0.0,0.0,0.0,0.0,0.0,0.0,0.0,0.0,0.0,0.0,0.0,0.0,0.0,0.0,0.0,0.0,0.0,0.0,0.0,0.0,0.0,0.0,0.0,0.0,0.0,0.0,0.0,0.0,0.0,0.0,0.0,0.0,0.0,0.0,0.0,0.0,0.0,0.0,0.0,0.0,0.0,0.0,0.0,0.0,0.0641025641025641,0.0,0.0,0.0,0.0,0.0,0.0,0.0,0.01282051282051282,0.0,0.0,0.0,0.0,0.0,0.0,0.0,0.0,0.0,0.0,0.0,0.0,0.0,0.0,0.0,0.0,0.0,0.0,0.0,0.0,0.02564102564102564,0.0,0.0,0.0,0.0,0.0,0.0,0.0,0.01282051282051282,0.0,0.0,0.0,0.0,0.0,0.0,0.02564102564102564,0.0,0.0,0.0,0.0,0.0,0.0,0.0,0.0,0.0,0.0,0.0,0.0,0.0,0.0,0.01282051282051282,0.0,0.0,0.0,0.0,0.0,0.0,0.0,0.0,0.0,0.0,0.0,0.0,0.0,0.0,0.0,0.0,0.0,0.0,0.038461538461538464,0.0,0.0,0.0,0.0,0.0,0.0,0.0,0.0,0.0,0.0,0.0,0.01282051282051282,0.0,0.0,0.0,0.0,0.0,0.0,0.0,0.0,0.0,0.0,0.0,0.0,0.0,0.0,0.0,0.0,0.0,0.0,0.0,0.0,0.0,0.0,0.0,0.0,0.0,0.0,0.0,0.0,0.0,0.0,0.0,0.0,0.0,0.0,0.0,0.0,0.0,0.0,0.038461538461538464,0.01282051282051282,0.0,0.0,0.0,0.0,0.0,0.0,0.0,0.0,0.0,0.0,0.0,0.0,0.0,0.0,0.0,0.0,0.0,0.0,0.0,0.0,0.0,0.0,0.0,0.0,0.0,0.0,0.0,0.0,0.0,0.0,0.0,0.0,0.0,0.0,0.0,0.0,0.0,0.0,0.0,0.0,0.0,0.0,0.0,0.0,0.0,0.0,0.0,0.0,0.0,0.0,0.0,0.0,0.0,0.0,0.0,0.0,0.0,0.0,0.0,0.0,0.0,0.0,0.0,0.038461538461538464,0.0,0.0,0.0,0.0,0.0,0.0,0.0,0.0,0.0,0.0,0.0,0.01282051282051282,0.0,0.0,0.0,0.0,0.0,0.0,0.0,0.0,0.0,0.0,0.0,0.0,0.0,0.01282051282051282,0.0,0.0,0.0,0.0,0.0,0.0,0.0,0.0,0.0,0.0,0.0,0.0,0.0,0.0,0.02564102564102564,0.0,0.0,0.0,0.0,0.0,0.0,0.0,0.0,0.0,0.0,0.0,0.0,0.0,0.0,0.0,0.0,0.0,0.0,0.0,0.02564102564102564,0.0,0.0,0.0,0.0,0.0,0.0,0.0,0.0,0.0,0.0,0.0,0.0,0.0,0.0,0.0,0.0
